ppe_id,ppe_class,person_id,score
0,helmet,1,0.0
0,helmet,2,0.7949000000953674
0,helmet,3,0.0
0,helmet,5,0.0
0,helmet,6,0.0
0,helmet,8,0.0
1,no_helmet,1,0.5404999852180481
1,no_helmet,2,0.0
1,no_helmet,3,0.0
1,no_helmet,5,0.0
1,no_helmet,6,0.0
1,no_helmet,8,0.0
2,no_helmet,1,0.0
2,no_helmet,2,0.0
2,no_helmet,3,0.0
2,no_helmet,5,0.5059000253677368
2,no_helmet,6,0.0
2,no_helmet,8,0.0
0,helmet,1,0.0
0,helmet,2,0.7975999712944031
0,helmet,3,0.0
0,helmet,5,0.0
0,helmet,6,0.0
0,helmet,8,0.0
1,no_helmet,1,0.5382999777793884
1,no_helmet,2,0.0
1,no_helmet,3,0.0
1,no_helmet,5,0.0
1,no_helmet,6,0.0
1,no_helmet,8,0.0
2,no_helmet,1,0.0
2,no_helmet,2,0.0
2,no_helmet,3,0.0
2,no_helmet,5,0.5067999958992004
2,no_helmet,6,0.0
2,no_helmet,8,0.0
0,helmet,1,0.0
0,helmet,2,0.7954999804496765
0,helmet,3,0.0
0,helmet,5,0.0
0,helmet,6,0.0
0,helmet,8,0.0
1,no_helmet,1,0.0
1,no_helmet,2,0.0
1,no_helmet,3,0.0
1,no_helmet,5,0.5034999847412109
1,no_helmet,6,0.0
1,no_helmet,8,0.0
2,vest,1,0.0
2,vest,2,0.8349999785423279
2,vest,3,0.0
2,vest,5,0.0
2,vest,6,0.0
2,vest,8,0.0
3,no_helmet,1,0.5375999808311462
3,no_helmet,2,0.0
3,no_helmet,3,0.0
3,no_helmet,5,0.0
3,no_helmet,6,0.0
3,no_helmet,8,0.0
0,helmet,1,0.0
0,helmet,2,0.7972000241279602
0,helmet,3,0.0
0,helmet,5,0.0
0,helmet,6,0.0
0,helmet,8,0.0
1,no_helmet,1,0.0
1,no_helmet,2,0.0
1,no_helmet,3,0.0
1,no_helmet,5,0.510200023651123
1,no_helmet,6,0.0
1,no_helmet,8,0.0
2,no_helmet,1,0.5404999852180481
2,no_helmet,2,0.0
2,no_helmet,3,0.0
2,no_helmet,5,0.0
2,no_helmet,6,0.0
2,no_helmet,8,0.0
3,no_helmet,1,0.0
3,no_helmet,2,0.5396000146865845
3,no_helmet,3,0.0
3,no_helmet,5,0.0
3,no_helmet,6,0.0
3,no_helmet,8,0.0
0,helmet,1,0.0
0,helmet,2,0.7985000014305115
0,helmet,3,0.0
0,helmet,5,0.0
0,helmet,6,0.0
0,helmet,8,0.0
0,helmet,10,0.0
1,no_helmet,1,0.0
1,no_helmet,2,0.0
1,no_helmet,3,0.0
1,no_helmet,5,0.5149999856948853
1,no_helmet,6,0.0
1,no_helmet,8,0.0
1,no_helmet,10,0.0
2,no_helmet,1,0.5486000180244446
2,no_helmet,2,0.0
2,no_helmet,3,0.0
2,no_helmet,5,0.0
2,no_helmet,6,0.0
2,no_helmet,8,0.0
2,no_helmet,10,0.0
0,helmet,1,0.0
0,helmet,2,0.8022000193595886
0,helmet,3,0.0
0,helmet,5,0.0
0,helmet,6,0.0
0,helmet,8,0.0
1,helmet,1,0.0
1,helmet,2,0.0
1,helmet,3,0.0
1,helmet,5,0.0
1,helmet,6,0.0
1,helmet,8,0.842199981212616
2,no_helmet,1,0.0
2,no_helmet,2,0.0
2,no_helmet,3,0.0
2,no_helmet,5,0.5221999883651733
2,no_helmet,6,0.0
2,no_helmet,8,0.0
0,helmet,1,0.8040000200271606
0,helmet,2,0.0
0,helmet,3,0.0
0,helmet,5,0.0
0,helmet,6,0.0
0,helmet,8,0.0
0,helmet,11,0.0
1,helmet,1,0.0
1,helmet,2,0.8044000267982483
1,helmet,3,0.0
1,helmet,5,0.0
1,helmet,6,0.0
1,helmet,8,0.0
1,helmet,11,0.0
2,no_helmet,1,0.0
2,no_helmet,2,0.0
2,no_helmet,3,0.0
2,no_helmet,5,0.5295000076293945
2,no_helmet,6,0.0
2,no_helmet,8,0.0
2,no_helmet,11,0.0
0,helmet,1,0.8492000102996826
0,helmet,2,0.0
0,helmet,3,0.0
0,helmet,5,0.0
0,helmet,6,0.0
0,helmet,11,0.0
1,helmet,1,0.7876999974250793
1,helmet,2,0.0
1,helmet,3,0.0
1,helmet,5,0.0
1,helmet,6,0.0
1,helmet,11,0.0
2,helmet,1,0.0
2,helmet,2,0.0
2,helmet,3,0.0
2,helmet,5,0.0
2,helmet,6,0.0
2,helmet,11,0.7680000066757202
3,no_helmet,1,0.0
3,no_helmet,2,0.0
3,no_helmet,3,0.0
3,no_helmet,5,0.5336999893188477
3,no_helmet,6,0.0
3,no_helmet,11,0.0
0,helmet,1,0.0
0,helmet,2,0.0
0,helmet,3,0.0
0,helmet,5,0.0
0,helmet,6,0.0
0,helmet,8,0.7796000242233276
0,helmet,11,0.7621999979019165
1,no_helmet,1,0.0
1,no_helmet,2,0.0
1,no_helmet,3,0.0
1,no_helmet,5,0.5353000164031982
1,no_helmet,6,0.0
1,no_helmet,8,0.0
1,no_helmet,11,0.0
0,helmet,1,0.0
0,helmet,2,0.0
0,helmet,3,0.0
0,helmet,5,0.0
0,helmet,6,0.0
0,helmet,11,0.769599974155426
1,no_helmet,1,0.5461000204086304
1,no_helmet,2,0.0
1,no_helmet,3,0.0
1,no_helmet,5,0.0
1,no_helmet,6,0.0
1,no_helmet,11,0.0
2,no_helmet,1,0.0
2,no_helmet,2,0.0
2,no_helmet,3,0.0
2,no_helmet,5,0.5389999747276306
2,no_helmet,6,0.0
2,no_helmet,11,0.0
0,helmet,1,0.0
0,helmet,2,0.0
0,helmet,3,0.0
0,helmet,5,0.0
0,helmet,6,0.0
0,helmet,11,0.777899980545044
1,no_helmet,1,0.0
1,no_helmet,2,0.0
1,no_helmet,3,0.0
1,no_helmet,5,0.536899983882904
1,no_helmet,6,0.0
1,no_helmet,11,0.0
2,no_helmet,1,0.5383999943733215
2,no_helmet,2,0.0
2,no_helmet,3,0.0
2,no_helmet,5,0.0
2,no_helmet,6,0.0
2,no_helmet,11,0.0
0,helmet,1,0.0
0,helmet,2,0.0
0,helmet,3,0.0
0,helmet,5,0.0
0,helmet,6,0.0
0,helmet,11,0.7634000182151794
1,no_helmet,1,0.0
1,no_helmet,2,0.0
1,no_helmet,3,0.0
1,no_helmet,5,0.5252000093460083
1,no_helmet,6,0.0
1,no_helmet,11,0.0
0,helmet,1,0.0
0,helmet,2,0.0
0,helmet,3,0.0
0,helmet,5,0.0
0,helmet,6,0.0
0,helmet,11,0.7748000025749207
1,no_helmet,1,0.0
1,no_helmet,2,0.0
1,no_helmet,3,0.0
1,no_helmet,5,0.5393000245094299
1,no_helmet,6,0.0
1,no_helmet,11,0.0
2,no_helmet,1,0.5320000052452087
2,no_helmet,2,0.0
2,no_helmet,3,0.0
2,no_helmet,5,0.0
2,no_helmet,6,0.0
2,no_helmet,11,0.0
0,helmet,1,0.0
0,helmet,2,0.0
0,helmet,3,0.0
0,helmet,5,0.0
0,helmet,6,0.0
0,helmet,11,0.7660999894142151
1,no_helmet,1,0.0
1,no_helmet,2,0.0
1,no_helmet,3,0.0
1,no_helmet,5,0.5343999862670898
1,no_helmet,6,0.0
1,no_helmet,11,0.0
0,helmet,1,0.0
0,helmet,2,0.0
0,helmet,3,0.0
0,helmet,5,0.0
0,helmet,6,0.0
0,helmet,11,0.8037999868392944
1,helmet,1,0.0
1,helmet,2,0.7645000219345093
1,helmet,3,0.0
1,helmet,5,0.0
1,helmet,6,0.0
1,helmet,11,0.0
2,no_helmet,1,0.0
2,no_helmet,2,0.0
2,no_helmet,3,0.0
2,no_helmet,5,0.5315999984741211
2,no_helmet,6,0.0
2,no_helmet,11,0.0
3,no_helmet,1,0.5353000164031982
3,no_helmet,2,0.0
3,no_helmet,3,0.0
3,no_helmet,5,0.0
3,no_helmet,6,0.0
3,no_helmet,11,0.0
0,helmet,1,0.0
0,helmet,2,0.0
0,helmet,3,0.0
0,helmet,5,0.0
0,helmet,6,0.0
0,helmet,11,0.8048999905586243
0,helmet,12,0.0
1,helmet,1,0.0
1,helmet,2,0.7720000147819519
1,helmet,3,0.0
1,helmet,5,0.0
1,helmet,6,0.0
1,helmet,11,0.0
1,helmet,12,0.0
2,no_helmet,1,0.0
2,no_helmet,2,0.0
2,no_helmet,3,0.0
2,no_helmet,5,0.5267000198364258
2,no_helmet,6,0.0
2,no_helmet,11,0.0
2,no_helmet,12,0.0
3,helmet,1,0.7799000144004822
3,helmet,2,0.0
3,helmet,3,0.0
3,helmet,5,0.0
3,helmet,6,0.0
3,helmet,11,0.0
3,helmet,12,0.0
4,no_helmet,1,0.0
4,no_helmet,2,0.0
4,no_helmet,3,0.5612000226974487
4,no_helmet,5,0.0
4,no_helmet,6,0.0
4,no_helmet,11,0.0
4,no_helmet,12,0.0
0,helmet,1,0.7922000288963318
0,helmet,2,0.0
0,helmet,3,0.0
0,helmet,5,0.0
0,helmet,6,0.0
0,helmet,11,0.0
0,helmet,12,0.0
1,helmet,1,0.0
1,helmet,2,0.7835000157356262
1,helmet,3,0.0
1,helmet,5,0.0
1,helmet,6,0.0
1,helmet,11,0.0
1,helmet,12,0.0
2,no_helmet,1,0.0
2,no_helmet,2,0.0
2,no_helmet,3,0.0
2,no_helmet,5,0.531000018119812
2,no_helmet,6,0.0
2,no_helmet,11,0.0
2,no_helmet,12,0.0
0,helmet,1,0.0
0,helmet,2,0.0
0,helmet,3,0.0
0,helmet,5,0.0
0,helmet,6,0.0
0,helmet,11,0.82669997215271
0,helmet,12,0.0
0,helmet,8,0.8062999844551086
1,helmet,1,0.7928000092506409
1,helmet,2,0.0
1,helmet,3,0.0
1,helmet,5,0.0
1,helmet,6,0.0
1,helmet,11,0.0
1,helmet,12,0.0
1,helmet,8,0.0
2,no_helmet,1,0.0
2,no_helmet,2,0.0
2,no_helmet,3,0.0
2,no_helmet,5,0.5347999930381775
2,no_helmet,6,0.0
2,no_helmet,11,0.0
2,no_helmet,12,0.0
2,no_helmet,8,0.0
3,helmet,1,0.0
3,helmet,2,0.7803999781608582
3,helmet,3,0.0
3,helmet,5,0.0
3,helmet,6,0.0
3,helmet,11,0.0
3,helmet,12,0.0
3,helmet,8,0.0
0,no_helmet,1,0.0
0,no_helmet,2,0.0
0,no_helmet,3,0.0
0,no_helmet,5,0.5218999981880188
0,no_helmet,6,0.0
0,no_helmet,11,0.0
0,no_helmet,12,0.0
1,helmet,1,0.0
1,helmet,2,0.0
1,helmet,3,0.0
1,helmet,5,0.0
1,helmet,6,0.0
1,helmet,11,0.8327999711036682
1,helmet,12,0.0
2,helmet,1,0.0
2,helmet,2,0.7806000113487244
2,helmet,3,0.0
2,helmet,5,0.0
2,helmet,6,0.0
2,helmet,11,0.0
2,helmet,12,0.0
0,no_helmet,1,0.0
0,no_helmet,2,0.0
0,no_helmet,3,0.0
0,no_helmet,5,0.5242000222206116
0,no_helmet,6,0.0
0,no_helmet,11,0.0
0,no_helmet,12,0.0
1,helmet,1,0.0
1,helmet,2,0.0
1,helmet,3,0.0
1,helmet,5,0.0
1,helmet,6,0.0
1,helmet,11,0.7800999879837036
1,helmet,12,0.0
2,helmet,1,0.0
2,helmet,2,0.7775999903678894
2,helmet,3,0.0
2,helmet,5,0.0
2,helmet,6,0.0
2,helmet,11,0.0
2,helmet,12,0.0
3,vest,1,0.0
3,vest,2,0.8238000273704529
3,vest,3,0.0
3,vest,5,0.0
3,vest,6,0.0
3,vest,11,0.0
3,vest,12,0.0
4,no_helmet,1,0.5493000149726868
4,no_helmet,2,0.0
4,no_helmet,3,0.0
4,no_helmet,5,0.0
4,no_helmet,6,0.0
4,no_helmet,11,0.0
4,no_helmet,12,0.0
0,helmet,1,0.0
0,helmet,2,0.0
0,helmet,3,0.0
0,helmet,5,0.0
0,helmet,6,0.0
0,helmet,11,0.8104000091552734
0,helmet,12,0.0
1,no_helmet,1,0.0
1,no_helmet,2,0.0
1,no_helmet,3,0.0
1,no_helmet,5,0.5317000150680542
1,no_helmet,6,0.0
1,no_helmet,11,0.0
1,no_helmet,12,0.0
2,helmet,1,0.0
2,helmet,2,0.7829999923706055
2,helmet,3,0.0
2,helmet,5,0.0
2,helmet,6,0.0
2,helmet,11,0.0
2,helmet,12,0.0
3,vest,1,0.0
3,vest,2,0.8267999887466431
3,vest,3,0.0
3,vest,5,0.0
3,vest,6,0.0
3,vest,11,0.0
3,vest,12,0.0
4,no_helmet,1,0.5424000024795532
4,no_helmet,2,0.0
4,no_helmet,3,0.0
4,no_helmet,5,0.0
4,no_helmet,6,0.0
4,no_helmet,11,0.0
4,no_helmet,12,0.0
0,no_helmet,1,0.0
0,no_helmet,2,0.0
0,no_helmet,3,0.0
0,no_helmet,5,0.5266000032424927
0,no_helmet,6,0.0
0,no_helmet,11,0.0
0,no_helmet,12,0.0
0,no_helmet,8,0.0
1,helmet,1,0.0
1,helmet,2,0.0
1,helmet,3,0.0
1,helmet,5,0.0
1,helmet,6,0.0
1,helmet,11,0.8154000043869019
1,helmet,12,0.0
1,helmet,8,0.7936000227928162
2,helmet,1,0.0
2,helmet,2,0.782800018787384
2,helmet,3,0.0
2,helmet,5,0.0
2,helmet,6,0.0
2,helmet,11,0.0
2,helmet,12,0.0
2,helmet,8,0.0
3,vest,1,0.0
3,vest,2,0.829200029373169
3,vest,3,0.0
3,vest,5,0.0
3,vest,6,0.0
3,vest,11,0.0
3,vest,12,0.0
3,vest,8,0.0
4,no_helmet,1,0.5365999937057495
4,no_helmet,2,0.0
4,no_helmet,3,0.0
4,no_helmet,5,0.0
4,no_helmet,6,0.0
4,no_helmet,11,0.0
4,no_helmet,12,0.0
4,no_helmet,8,0.0
0,no_helmet,1,0.0
0,no_helmet,2,0.0
0,no_helmet,3,0.0
0,no_helmet,5,0.5300999879837036
0,no_helmet,6,0.0
0,no_helmet,11,0.0
0,no_helmet,12,0.0
1,helmet,1,0.0
1,helmet,2,0.0
1,helmet,3,0.0
1,helmet,5,0.0
1,helmet,6,0.0
1,helmet,11,0.8065000176429749
1,helmet,12,0.0
2,helmet,1,0.0
2,helmet,2,0.781499981880188
2,helmet,3,0.0
2,helmet,5,0.0
2,helmet,6,0.0
2,helmet,11,0.0
2,helmet,12,0.0
3,vest,1,0.0
3,vest,2,0.8277999758720398
3,vest,3,0.0
3,vest,5,0.0
3,vest,6,0.0
3,vest,11,0.0
3,vest,12,0.0
4,no_helmet,1,0.5288000106811523
4,no_helmet,2,0.0
4,no_helmet,3,0.0
4,no_helmet,5,0.0
4,no_helmet,6,0.0
4,no_helmet,11,0.0
4,no_helmet,12,0.0
0,helmet,1,0.0
0,helmet,2,0.0
0,helmet,3,0.0
0,helmet,5,0.0
0,helmet,6,0.0
0,helmet,11,0.7893000245094299
0,helmet,12,0.0
1,no_helmet,1,0.0
1,no_helmet,2,0.0
1,no_helmet,3,0.0
1,no_helmet,5,0.5260999798774719
1,no_helmet,6,0.0
1,no_helmet,11,0.0
1,no_helmet,12,0.0
2,vest,1,0.0
2,vest,2,0.8288000226020813
2,vest,3,0.0
2,vest,5,0.0
2,vest,6,0.0
2,vest,11,0.0
2,vest,12,0.0
3,no_helmet,1,0.5297999978065491
3,no_helmet,2,0.0
3,no_helmet,3,0.0
3,no_helmet,5,0.0
3,no_helmet,6,0.0
3,no_helmet,11,0.0
3,no_helmet,12,0.0
0,helmet,1,0.0
0,helmet,2,0.0
0,helmet,3,0.0
0,helmet,5,0.0
0,helmet,6,0.0
0,helmet,11,0.7662000060081482
0,helmet,12,0.0
1,helmet,1,0.7750999927520752
1,helmet,2,0.0
1,helmet,3,0.0
1,helmet,5,0.0
1,helmet,6,0.0
1,helmet,11,0.0
1,helmet,12,0.0
2,helmet,1,0.0
2,helmet,2,0.7847999930381775
2,helmet,3,0.0
2,helmet,5,0.0
2,helmet,6,0.0
2,helmet,11,0.0
2,helmet,12,0.0
3,no_helmet,1,0.0
3,no_helmet,2,0.0
3,no_helmet,3,0.0
3,no_helmet,5,0.525600016117096
3,no_helmet,6,0.0
3,no_helmet,11,0.0
3,no_helmet,12,0.0
4,vest,1,0.0
4,vest,2,0.8320000171661377
4,vest,3,0.0
4,vest,5,0.0
4,vest,6,0.0
4,vest,11,0.0
4,vest,12,0.0
0,helmet,1,0.0
0,helmet,2,0.0
0,helmet,3,0.0
0,helmet,5,0.0
0,helmet,6,0.0
0,helmet,11,0.7757999897003174
0,helmet,12,0.0
0,helmet,22,0.0
1,helmet,1,0.0
1,helmet,2,0.7861999869346619
1,helmet,3,0.0
1,helmet,5,0.0
1,helmet,6,0.0
1,helmet,11,0.0
1,helmet,12,0.0
1,helmet,22,0.0
2,no_helmet,1,0.0
2,no_helmet,2,0.0
2,no_helmet,3,0.0
2,no_helmet,5,0.5275999903678894
2,no_helmet,6,0.0
2,no_helmet,11,0.0
2,no_helmet,12,0.0
2,no_helmet,22,0.0
3,vest,1,0.0
3,vest,2,0.8337000012397766
3,vest,3,0.0
3,vest,5,0.0
3,vest,6,0.0
3,vest,11,0.0
3,vest,12,0.0
3,vest,22,0.0
0,no_helmet,1,0.0
0,no_helmet,2,0.0
0,no_helmet,3,0.0
0,no_helmet,5,0.5299000144004822
0,no_helmet,6,0.0
0,no_helmet,11,0.0
0,no_helmet,12,0.0
0,no_helmet,22,0.0
1,helmet,1,0.0
1,helmet,2,0.788100004196167
1,helmet,3,0.0
1,helmet,5,0.0
1,helmet,6,0.0
1,helmet,11,0.0
1,helmet,12,0.0
1,helmet,22,0.0
2,no_helmet,1,0.5342000126838684
2,no_helmet,2,0.0
2,no_helmet,3,0.0
2,no_helmet,5,0.0
2,no_helmet,6,0.0
2,no_helmet,11,0.0
2,no_helmet,12,0.0
2,no_helmet,22,0.0
0,helmet,1,0.0
0,helmet,2,0.7886999845504761
0,helmet,3,0.0
0,helmet,5,0.0
0,helmet,6,0.0
0,helmet,11,0.0
0,helmet,12,0.0
0,helmet,22,0.0
1,no_helmet,1,0.0
1,no_helmet,2,0.0
1,no_helmet,3,0.0
1,no_helmet,5,0.5284000039100647
1,no_helmet,6,0.0
1,no_helmet,11,0.0
1,no_helmet,12,0.0
1,no_helmet,22,0.0
0,no_helmet,1,0.0
0,no_helmet,2,0.0
0,no_helmet,3,0.0
0,no_helmet,5,0.516700029373169
0,no_helmet,6,0.0
0,no_helmet,11,0.0
0,no_helmet,12,0.0
1,helmet,1,0.0
1,helmet,2,0.7748000025749207
1,helmet,3,0.0
1,helmet,5,0.0
1,helmet,6,0.0
1,helmet,11,0.0
1,helmet,12,0.0
0,helmet,1,0.0
0,helmet,2,0.7821000218391418
0,helmet,3,0.0
0,helmet,5,0.0
0,helmet,6,0.0
0,helmet,11,0.0
1,helmet,1,0.7929999828338623
1,helmet,2,0.0
1,helmet,3,0.0
1,helmet,5,0.0
1,helmet,6,0.0
1,helmet,11,0.0
2,no_helmet,1,0.0
2,no_helmet,2,0.0
2,no_helmet,3,0.0
2,no_helmet,5,0.5277000069618225
2,no_helmet,6,0.0
2,no_helmet,11,0.0
0,helmet,1,0.7947999835014343
0,helmet,2,0.0
0,helmet,3,0.0
0,helmet,5,0.0
0,helmet,6,0.0
0,helmet,11,0.0
1,helmet,1,0.0
1,helmet,2,0.7829999923706055
1,helmet,3,0.0
1,helmet,5,0.0
1,helmet,6,0.0
1,helmet,11,0.0
2,no_helmet,1,0.0
2,no_helmet,2,0.0
2,no_helmet,3,0.0
2,no_helmet,5,0.5169000029563904
2,no_helmet,6,0.0
2,no_helmet,11,0.0
0,helmet,1,0.0
0,helmet,2,0.781499981880188
0,helmet,3,0.0
0,helmet,5,0.0
0,helmet,6,0.0
0,helmet,11,0.0
1,no_helmet,1,0.0
1,no_helmet,2,0.0
1,no_helmet,3,0.0
1,no_helmet,5,0.5126000046730042
1,no_helmet,6,0.0
1,no_helmet,11,0.0
2,no_helmet,1,0.5604000091552734
2,no_helmet,2,0.0
2,no_helmet,3,0.0
2,no_helmet,5,0.0
2,no_helmet,6,0.0
2,no_helmet,11,0.0
0,helmet,1,0.8514000177383423
0,helmet,2,0.0
0,helmet,3,0.0
0,helmet,5,0.0
0,helmet,6,0.0
0,helmet,11,0.0
0,helmet,12,0.0
1,helmet,1,0.0
1,helmet,2,0.7817000150680542
1,helmet,3,0.0
1,helmet,5,0.0
1,helmet,6,0.0
1,helmet,11,0.0
1,helmet,12,0.0
2,no_helmet,1,0.0
2,no_helmet,2,0.0
2,no_helmet,3,0.0
2,no_helmet,5,0.519599974155426
2,no_helmet,6,0.0
2,no_helmet,11,0.0
2,no_helmet,12,0.0
3,no_helmet,1,0.5555999875068665
3,no_helmet,2,0.0
3,no_helmet,3,0.0
3,no_helmet,5,0.0
3,no_helmet,6,0.0
3,no_helmet,11,0.0
3,no_helmet,12,0.0
4,no_helmet,1,0.0
4,no_helmet,2,0.0
4,no_helmet,3,0.0
4,no_helmet,5,0.5325999855995178
4,no_helmet,6,0.0
4,no_helmet,11,0.0
4,no_helmet,12,0.0
0,no_helmet,1,0.0
0,no_helmet,2,0.0
0,no_helmet,3,0.0
0,no_helmet,5,0.520799994468689
0,no_helmet,6,0.0
0,no_helmet,11,0.0
0,no_helmet,12,0.0
1,no_helmet,1,0.0
1,no_helmet,2,0.0
1,no_helmet,3,0.0
1,no_helmet,5,0.5461000204086304
1,no_helmet,6,0.0
1,no_helmet,11,0.0
1,no_helmet,12,0.0
2,no_helmet,1,0.5408999919891357
2,no_helmet,2,0.0
2,no_helmet,3,0.0
2,no_helmet,5,0.0
2,no_helmet,6,0.0
2,no_helmet,11,0.0
2,no_helmet,12,0.0
0,helmet,1,0.7958999872207642
0,helmet,2,0.0
0,helmet,3,0.0
0,helmet,5,0.0
0,helmet,6,0.0
0,helmet,11,0.0
0,helmet,12,0.0
1,no_helmet,1,0.0
1,no_helmet,2,0.0
1,no_helmet,3,0.0
1,no_helmet,5,0.5310999751091003
1,no_helmet,6,0.0
1,no_helmet,11,0.0
1,no_helmet,12,0.0
2,no_helmet,1,0.0
2,no_helmet,2,0.0
2,no_helmet,3,0.0
2,no_helmet,5,0.5570999979972839
2,no_helmet,6,0.0
2,no_helmet,11,0.0
2,no_helmet,12,0.0
0,helmet,1,0.7955999970436096
0,helmet,2,0.0
0,helmet,3,0.0
0,helmet,5,0.0
0,helmet,11,0.0
0,helmet,12,0.0
1,no_helmet,1,0.0
1,no_helmet,2,0.0
1,no_helmet,3,0.0
1,no_helmet,5,0.5303999781608582
1,no_helmet,11,0.0
1,no_helmet,12,0.0
0,helmet,1,0.7846999764442444
0,helmet,2,0.0
0,helmet,3,0.0
0,helmet,5,0.0
0,helmet,11,0.0
0,helmet,22,0.0
1,helmet,1,0.0
1,helmet,2,0.0
1,helmet,3,0.0
1,helmet,5,0.0
1,helmet,11,0.762499988079071
1,helmet,22,0.0
2,no_helmet,1,0.0
2,no_helmet,2,0.0
2,no_helmet,3,0.0
2,no_helmet,5,0.5324000120162964
2,no_helmet,11,0.0
2,no_helmet,22,0.0
0,helmet,1,0.8223999738693237
0,helmet,2,0.0
0,helmet,3,0.0
0,helmet,5,0.0
0,helmet,11,0.0
0,helmet,31,0.0
1,helmet,1,0.7871999740600586
1,helmet,2,0.0
1,helmet,3,0.0
1,helmet,5,0.0
1,helmet,11,0.0
1,helmet,31,0.0
2,helmet,1,0.0
2,helmet,2,0.0
2,helmet,3,0.0
2,helmet,5,0.0
2,helmet,11,0.7957000136375427
2,helmet,31,0.0
3,helmet,1,0.0
3,helmet,2,0.7245000004768372
3,helmet,3,0.0
3,helmet,5,0.0
3,helmet,11,0.0
3,helmet,31,0.0
4,no_helmet,1,0.0
4,no_helmet,2,0.0
4,no_helmet,3,0.0
4,no_helmet,5,0.5246000289916992
4,no_helmet,11,0.0
4,no_helmet,31,0.0
0,helmet,1,0.8184000253677368
0,helmet,2,0.0
0,helmet,3,0.0
0,helmet,5,0.0
0,helmet,11,0.0
0,helmet,31,0.0
0,helmet,22,0.0
1,helmet,1,0.0
1,helmet,2,0.0
1,helmet,3,0.0
1,helmet,5,0.0
1,helmet,11,0.8113999962806702
1,helmet,31,0.0
1,helmet,22,0.0
2,helmet,1,0.7910000085830688
2,helmet,2,0.0
2,helmet,3,0.0
2,helmet,5,0.0
2,helmet,11,0.0
2,helmet,31,0.0
2,helmet,22,0.0
3,helmet,1,0.0
3,helmet,2,0.6820999979972839
3,helmet,3,0.0
3,helmet,5,0.0
3,helmet,11,0.0
3,helmet,31,0.0
3,helmet,22,0.7476000189781189
4,no_helmet,1,0.0
4,no_helmet,2,0.0
4,no_helmet,3,0.0
4,no_helmet,5,0.5249000191688538
4,no_helmet,11,0.0
4,no_helmet,31,0.0
4,no_helmet,22,0.0
5,no_helmet,1,0.0
5,no_helmet,2,0.5321000218391418
5,no_helmet,3,0.0
5,no_helmet,5,0.0
5,no_helmet,11,0.0
5,no_helmet,31,0.0
5,no_helmet,22,0.0
0,helmet,1,0.8112000226974487
0,helmet,2,0.0
0,helmet,3,0.0
0,helmet,5,0.0
0,helmet,11,0.0
0,helmet,31,0.0
0,helmet,22,0.0
1,helmet,1,0.0
1,helmet,2,0.6340000033378601
1,helmet,3,0.0
1,helmet,5,0.0
1,helmet,11,0.0
1,helmet,31,0.0
1,helmet,22,0.7609999775886536
2,no_helmet,1,0.0
2,no_helmet,2,0.0
2,no_helmet,3,0.0
2,no_helmet,5,0.5224000215530396
2,no_helmet,11,0.0
2,no_helmet,31,0.0
2,no_helmet,22,0.0
3,no_helmet,1,0.0
3,no_helmet,2,0.5432999730110168
3,no_helmet,3,0.0
3,no_helmet,5,0.0
3,no_helmet,11,0.0
3,no_helmet,31,0.0
3,no_helmet,22,0.0
0,helmet,1,0.0
0,helmet,2,0.0
0,helmet,3,0.0
0,helmet,5,0.0
0,helmet,11,0.8032000064849854
0,helmet,31,0.0
0,helmet,22,0.0
0,helmet,12,0.0
1,no_helmet,1,0.0
1,no_helmet,2,0.0
1,no_helmet,3,0.0
1,no_helmet,5,0.5206999778747559
1,no_helmet,11,0.0
1,no_helmet,31,0.0
1,no_helmet,22,0.0
1,no_helmet,12,0.0
2,no_helmet,1,0.0
2,no_helmet,2,0.550000011920929
2,no_helmet,3,0.0
2,no_helmet,5,0.0
2,no_helmet,11,0.0
2,no_helmet,31,0.0
2,no_helmet,22,0.0
2,no_helmet,12,0.0
0,helmet,1,0.0
0,helmet,2,0.0
0,helmet,3,0.0
0,helmet,5,0.0
0,helmet,11,0.7996000051498413
0,helmet,31,0.0
0,helmet,22,0.0
1,helmet,1,0.7556999921798706
1,helmet,2,0.0
1,helmet,3,0.0
1,helmet,5,0.0
1,helmet,11,0.0
1,helmet,31,0.0
1,helmet,22,0.0
2,no_helmet,1,0.0
2,no_helmet,2,0.0
2,no_helmet,3,0.0
2,no_helmet,5,0.5128999948501587
2,no_helmet,11,0.0
2,no_helmet,31,0.0
2,no_helmet,22,0.0
0,helmet,1,0.7235000133514404
0,helmet,2,0.0
0,helmet,3,0.0
0,helmet,5,0.0
0,helmet,11,0.0
0,helmet,31,0.0
0,helmet,22,0.0
0,helmet,6,0.0
1,helmet,1,0.0
1,helmet,2,0.7883999943733215
1,helmet,3,0.0
1,helmet,5,0.0
1,helmet,11,0.0
1,helmet,31,0.0
1,helmet,22,0.0
1,helmet,6,0.0
2,helmet,1,0.0
2,helmet,2,0.0
2,helmet,3,0.0
2,helmet,5,0.0
2,helmet,11,0.7972999811172485
2,helmet,31,0.0
2,helmet,22,0.0
2,helmet,6,0.0
3,no_helmet,1,0.0
3,no_helmet,2,0.0
3,no_helmet,3,0.0
3,no_helmet,5,0.5194000005722046
3,no_helmet,11,0.0
3,no_helmet,31,0.0
3,no_helmet,22,0.0
3,no_helmet,6,0.0
4,no_helmet,1,0.0
4,no_helmet,2,0.0
4,no_helmet,3,0.0
4,no_helmet,5,0.0
4,no_helmet,11,0.0
4,no_helmet,31,0.0
4,no_helmet,22,0.0
4,no_helmet,6,0.0
0,helmet,1,0.0
0,helmet,2,0.0
0,helmet,3,0.0
0,helmet,5,0.0
0,helmet,11,0.0
0,helmet,31,0.0
0,helmet,22,0.7526999711990356
0,helmet,6,0.0
1,no_helmet,1,0.0
1,no_helmet,2,0.0
1,no_helmet,3,0.0
1,no_helmet,5,0.5178999900817871
1,no_helmet,11,0.0
1,no_helmet,31,0.0
1,no_helmet,22,0.0
1,no_helmet,6,0.0
2,no_helmet,1,0.0
2,no_helmet,2,0.5339999794960022
2,no_helmet,3,0.0
2,no_helmet,5,0.0
2,no_helmet,11,0.0
2,no_helmet,31,0.0
2,no_helmet,22,0.0
2,no_helmet,6,0.0
0,helmet,1,0.0
0,helmet,2,0.7888000011444092
0,helmet,3,0.0
0,helmet,5,0.0
0,helmet,11,0.0
0,helmet,31,0.0
0,helmet,22,0.0
0,helmet,24,0.0
1,no_helmet,1,0.0
1,no_helmet,2,0.0
1,no_helmet,3,0.0
1,no_helmet,5,0.515999972820282
1,no_helmet,11,0.0
1,no_helmet,31,0.0
1,no_helmet,22,0.0
1,no_helmet,24,0.0
2,no_helmet,1,0.555400013923645
2,no_helmet,2,0.0
2,no_helmet,3,0.0
2,no_helmet,5,0.0
2,no_helmet,11,0.0
2,no_helmet,31,0.0
2,no_helmet,22,0.0
2,no_helmet,24,0.0
3,no_helmet,1,0.0
3,no_helmet,2,0.0
3,no_helmet,3,0.0
3,no_helmet,5,0.0
3,no_helmet,11,0.0
3,no_helmet,31,0.0
3,no_helmet,22,0.0
3,no_helmet,24,0.5386000275611877
0,helmet,1,0.0
0,helmet,2,0.7876999974250793
0,helmet,3,0.0
0,helmet,5,0.0
0,helmet,11,0.0
0,helmet,31,0.0
0,helmet,22,0.0
1,no_helmet,1,0.0
1,no_helmet,2,0.0
1,no_helmet,3,0.0
1,no_helmet,5,0.5148000121116638
1,no_helmet,11,0.0
1,no_helmet,31,0.0
1,no_helmet,22,0.0
2,no_helmet,1,0.0
2,no_helmet,2,0.0
2,no_helmet,3,0.0
2,no_helmet,5,0.0
2,no_helmet,11,0.0
2,no_helmet,31,0.0
2,no_helmet,22,0.0
3,no_helmet,1,0.5519000291824341
3,no_helmet,2,0.0
3,no_helmet,3,0.0
3,no_helmet,5,0.0
3,no_helmet,11,0.0
3,no_helmet,31,0.0
3,no_helmet,22,0.0
0,helmet,1,0.0
0,helmet,2,0.7821000218391418
0,helmet,3,0.0
0,helmet,5,0.0
0,helmet,11,0.0
0,helmet,31,0.0
0,helmet,22,0.0
0,helmet,35,0.0
0,helmet,6,0.0
1,no_helmet,1,0.0
1,no_helmet,2,0.0
1,no_helmet,3,0.0
1,no_helmet,5,0.5127999782562256
1,no_helmet,11,0.0
1,no_helmet,31,0.0
1,no_helmet,22,0.0
1,no_helmet,35,0.0
1,no_helmet,6,0.0
2,no_helmet,1,0.0
2,no_helmet,2,0.0
2,no_helmet,3,0.0
2,no_helmet,5,0.0
2,no_helmet,11,0.0
2,no_helmet,31,0.0
2,no_helmet,22,0.0
2,no_helmet,35,0.0
2,no_helmet,6,0.0
3,no_helmet,1,0.5462999939918518
3,no_helmet,2,0.0
3,no_helmet,3,0.0
3,no_helmet,5,0.0
3,no_helmet,11,0.0
3,no_helmet,31,0.0
3,no_helmet,22,0.0
3,no_helmet,35,0.0
3,no_helmet,6,0.0
0,helmet,1,0.0
0,helmet,2,0.7645000219345093
0,helmet,3,0.0
0,helmet,5,0.0
0,helmet,11,0.0
0,helmet,31,0.0
0,helmet,22,0.0
0,helmet,35,0.0
0,helmet,12,0.0
0,helmet,6,0.0
1,no_helmet,1,0.0
1,no_helmet,2,0.0
1,no_helmet,3,0.0
1,no_helmet,5,0.5108000040054321
1,no_helmet,11,0.0
1,no_helmet,31,0.0
1,no_helmet,22,0.0
1,no_helmet,35,0.0
1,no_helmet,12,0.0
1,no_helmet,6,0.0
0,helmet,1,0.0
0,helmet,2,0.7674999833106995
0,helmet,3,0.0
0,helmet,5,0.0
0,helmet,11,0.0
0,helmet,31,0.0
0,helmet,22,0.0
0,helmet,35,0.0
0,helmet,12,0.0
0,helmet,6,0.0
1,no_helmet,1,0.0
1,no_helmet,2,0.0
1,no_helmet,3,0.0
1,no_helmet,5,0.5105999708175659
1,no_helmet,11,0.0
1,no_helmet,31,0.0
1,no_helmet,22,0.0
1,no_helmet,35,0.0
1,no_helmet,12,0.0
1,no_helmet,6,0.0
2,no_helmet,1,0.5428000092506409
2,no_helmet,2,0.0
2,no_helmet,3,0.0
2,no_helmet,5,0.0
2,no_helmet,11,0.0
2,no_helmet,31,0.0
2,no_helmet,22,0.0
2,no_helmet,35,0.0
2,no_helmet,12,0.0
2,no_helmet,6,0.0
0,helmet,1,0.7192000150680542
0,helmet,2,0.0
0,helmet,3,0.0
0,helmet,5,0.0
0,helmet,11,0.0
0,helmet,31,0.0
0,helmet,22,0.0
0,helmet,35,0.7688999772071838
0,helmet,12,0.0
0,helmet,6,0.0
1,helmet,1,0.777400016784668
1,helmet,2,0.0
1,helmet,3,0.0
1,helmet,5,0.0
1,helmet,11,0.0
1,helmet,31,0.0
1,helmet,22,0.0
1,helmet,35,0.0
1,helmet,12,0.0
1,helmet,6,0.0
2,helmet,1,0.0
2,helmet,2,0.7759000062942505
2,helmet,3,0.0
2,helmet,5,0.0
2,helmet,11,0.0
2,helmet,31,0.0
2,helmet,22,0.0
2,helmet,35,0.0
2,helmet,12,0.0
2,helmet,6,0.0
3,no_helmet,1,0.0
3,no_helmet,2,0.0
3,no_helmet,3,0.0
3,no_helmet,5,0.5175999999046326
3,no_helmet,11,0.0
3,no_helmet,31,0.0
3,no_helmet,22,0.0
3,no_helmet,35,0.0
3,no_helmet,12,0.0
3,no_helmet,6,0.0
0,helmet,1,0.0
0,helmet,2,0.7789999842643738
0,helmet,3,0.0
0,helmet,5,0.0
0,helmet,11,0.0
0,helmet,31,0.0
0,helmet,22,0.0
0,helmet,35,0.0
0,helmet,12,0.0
0,helmet,6,0.0
1,helmet,1,0.7439000010490417
1,helmet,2,0.0
1,helmet,3,0.0
1,helmet,5,0.0
1,helmet,11,0.0
1,helmet,31,0.0
1,helmet,22,0.0
1,helmet,35,0.7583000063896179
1,helmet,12,0.0
1,helmet,6,0.0
2,no_helmet,1,0.0
2,no_helmet,2,0.0
2,no_helmet,3,0.0
2,no_helmet,5,0.5217000246047974
2,no_helmet,11,0.0
2,no_helmet,31,0.0
2,no_helmet,22,0.0
2,no_helmet,35,0.0
2,no_helmet,12,0.0
2,no_helmet,6,0.0
0,helmet,1,0.7513999938964844
0,helmet,2,0.0
0,helmet,3,0.0
0,helmet,5,0.0
0,helmet,11,0.0
0,helmet,31,0.0
0,helmet,22,0.0
0,helmet,35,0.7559999823570251
0,helmet,40,0.0
0,helmet,12,0.0
0,helmet,6,0.0
1,helmet,1,0.0
1,helmet,2,0.7809000015258789
1,helmet,3,0.0
1,helmet,5,0.0
1,helmet,11,0.0
1,helmet,31,0.0
1,helmet,22,0.0
1,helmet,35,0.0
1,helmet,40,0.0
1,helmet,12,0.0
1,helmet,6,0.0
2,no_helmet,1,0.0
2,no_helmet,2,0.0
2,no_helmet,3,0.0
2,no_helmet,5,0.5235000252723694
2,no_helmet,11,0.0
2,no_helmet,31,0.0
2,no_helmet,22,0.0
2,no_helmet,35,0.0
2,no_helmet,40,0.0
2,no_helmet,12,0.0
2,no_helmet,6,0.0
3,no_helmet,1,0.5268999934196472
3,no_helmet,2,0.0
3,no_helmet,3,0.0
3,no_helmet,5,0.0
3,no_helmet,11,0.0
3,no_helmet,31,0.0
3,no_helmet,22,0.0
3,no_helmet,35,0.0
3,no_helmet,40,0.0
3,no_helmet,12,0.0
3,no_helmet,6,0.0
0,helmet,1,0.7519999742507935
0,helmet,2,0.0
0,helmet,3,0.0
0,helmet,5,0.0
0,helmet,11,0.0
0,helmet,31,0.0
0,helmet,22,0.0
0,helmet,35,0.7962999939918518
0,helmet,40,0.0
0,helmet,12,0.0
0,helmet,6,0.0
1,helmet,1,0.7766000032424927
1,helmet,2,0.0
1,helmet,3,0.0
1,helmet,5,0.0
1,helmet,11,0.0
1,helmet,31,0.0
1,helmet,22,0.0
1,helmet,35,0.0
1,helmet,40,0.0
1,helmet,12,0.0
1,helmet,6,0.0
2,helmet,1,0.0
2,helmet,2,0.0
2,helmet,3,0.0
2,helmet,5,0.0
2,helmet,11,0.804099977016449
2,helmet,31,0.0
2,helmet,22,0.0
2,helmet,35,0.0
2,helmet,40,0.0
2,helmet,12,0.0
2,helmet,6,0.0
3,no_helmet,1,0.0
3,no_helmet,2,0.0
3,no_helmet,3,0.0
3,no_helmet,5,0.5192000269889832
3,no_helmet,11,0.0
3,no_helmet,31,0.0
3,no_helmet,22,0.0
3,no_helmet,35,0.0
3,no_helmet,40,0.0
3,no_helmet,12,0.0
3,no_helmet,6,0.0
0,helmet,1,0.7838000059127808
0,helmet,2,0.0
0,helmet,3,0.0
0,helmet,5,0.0
0,helmet,11,0.0
0,helmet,31,0.0
0,helmet,22,0.0
0,helmet,35,0.0
0,helmet,40,0.0
0,helmet,12,0.0
0,helmet,6,0.0
1,helmet,1,0.7405999898910522
1,helmet,2,0.0
1,helmet,3,0.0
1,helmet,5,0.0
1,helmet,11,0.0
1,helmet,31,0.0
1,helmet,22,0.0
1,helmet,35,0.7883999943733215
1,helmet,40,0.0
1,helmet,12,0.0
1,helmet,6,0.0
2,no_helmet,1,0.0
2,no_helmet,2,0.0
2,no_helmet,3,0.0
2,no_helmet,5,0.5169000029563904
2,no_helmet,11,0.0
2,no_helmet,31,0.0
2,no_helmet,22,0.0
2,no_helmet,35,0.0
2,no_helmet,40,0.0
2,no_helmet,12,0.0
2,no_helmet,6,0.0
0,helmet,1,0.7325000166893005
0,helmet,2,0.0
0,helmet,3,0.0
0,helmet,5,0.0
0,helmet,11,0.0
0,helmet,31,0.0
0,helmet,22,0.0
0,helmet,35,0.7667999863624573
0,helmet,40,0.0
0,helmet,12,0.0
0,helmet,6,0.0
1,no_helmet,1,0.0
1,no_helmet,2,0.0
1,no_helmet,3,0.0
1,no_helmet,5,0.5184999704360962
1,no_helmet,11,0.0
1,no_helmet,31,0.0
1,no_helmet,22,0.0
1,no_helmet,35,0.0
1,no_helmet,40,0.0
1,no_helmet,12,0.0
1,no_helmet,6,0.0
0,helmet,1,0.0
0,helmet,2,0.7821000218391418
0,helmet,3,0.0
0,helmet,5,0.0
0,helmet,11,0.0
0,helmet,31,0.0
0,helmet,22,0.0
0,helmet,35,0.0
0,helmet,40,0.0
0,helmet,12,0.0
0,helmet,6,0.0
1,no_helmet,1,0.0
1,no_helmet,2,0.0
1,no_helmet,3,0.0
1,no_helmet,5,0.5256999731063843
1,no_helmet,11,0.0
1,no_helmet,31,0.0
1,no_helmet,22,0.0
1,no_helmet,35,0.0
1,no_helmet,40,0.0
1,no_helmet,12,0.0
1,no_helmet,6,0.0
2,no_helmet,1,0.5511999726295471
2,no_helmet,2,0.0
2,no_helmet,3,0.0
2,no_helmet,5,0.0
2,no_helmet,11,0.0
2,no_helmet,31,0.0
2,no_helmet,22,0.0
2,no_helmet,35,0.0
2,no_helmet,40,0.0
2,no_helmet,12,0.0
2,no_helmet,6,0.0
0,helmet,1,0.6589999794960022
0,helmet,2,0.0
0,helmet,3,0.0
0,helmet,5,0.0
0,helmet,11,0.0
0,helmet,31,0.0
0,helmet,35,0.7810999751091003
0,helmet,40,0.0
0,helmet,12,0.0
0,helmet,6,0.0
1,helmet,1,0.0
1,helmet,2,0.779699981212616
1,helmet,3,0.0
1,helmet,5,0.0
1,helmet,11,0.0
1,helmet,31,0.0
1,helmet,35,0.0
1,helmet,40,0.0
1,helmet,12,0.0
1,helmet,6,0.0
2,no_helmet,1,0.0
2,no_helmet,2,0.0
2,no_helmet,3,0.0
2,no_helmet,5,0.52920001745224
2,no_helmet,11,0.0
2,no_helmet,31,0.0
2,no_helmet,35,0.0
2,no_helmet,40,0.0
2,no_helmet,12,0.0
2,no_helmet,6,0.0
3,no_helmet,1,0.5376999974250793
3,no_helmet,2,0.0
3,no_helmet,3,0.0
3,no_helmet,5,0.0
3,no_helmet,11,0.0
3,no_helmet,31,0.0
3,no_helmet,35,0.0
3,no_helmet,40,0.0
3,no_helmet,12,0.0
3,no_helmet,6,0.0
0,helmet,1,0.6051999926567078
0,helmet,2,0.0
0,helmet,3,0.0
0,helmet,5,0.0
0,helmet,11,0.0
0,helmet,31,0.0
0,helmet,35,0.7807999849319458
0,helmet,40,0.0
0,helmet,12,0.0
0,helmet,6,0.0
1,helmet,1,0.0
1,helmet,2,0.7833999991416931
1,helmet,3,0.0
1,helmet,5,0.0
1,helmet,11,0.0
1,helmet,31,0.0
1,helmet,35,0.0
1,helmet,40,0.0
1,helmet,12,0.0
1,helmet,6,0.0
2,helmet,1,0.7864000201225281
2,helmet,2,0.0
2,helmet,3,0.0
2,helmet,5,0.0
2,helmet,11,0.0
2,helmet,31,0.0
2,helmet,35,0.0
2,helmet,40,0.0
2,helmet,12,0.0
2,helmet,6,0.0
3,no_helmet,1,0.0
3,no_helmet,2,0.0
3,no_helmet,3,0.0
3,no_helmet,5,0.5354999899864197
3,no_helmet,11,0.0
3,no_helmet,31,0.0
3,no_helmet,35,0.0
3,no_helmet,40,0.0
3,no_helmet,12,0.0
3,no_helmet,6,0.0
0,helmet,1,0.0
0,helmet,2,0.0
0,helmet,3,0.0
0,helmet,5,0.0
0,helmet,11,0.0
0,helmet,31,0.0
0,helmet,35,0.7867000102996826
0,helmet,40,0.0
0,helmet,12,0.0
0,helmet,6,0.0
0,helmet,8,0.0
1,helmet,1,0.7713000178337097
1,helmet,2,0.0
1,helmet,3,0.0
1,helmet,5,0.0
1,helmet,11,0.0
1,helmet,31,0.0
1,helmet,35,0.0
1,helmet,40,0.0
1,helmet,12,0.0
1,helmet,6,0.0
1,helmet,8,0.0
2,no_helmet,1,0.0
2,no_helmet,2,0.0
2,no_helmet,3,0.0
2,no_helmet,5,0.5410000085830688
2,no_helmet,11,0.0
2,no_helmet,31,0.0
2,no_helmet,35,0.0
2,no_helmet,40,0.0
2,no_helmet,12,0.0
2,no_helmet,6,0.0
2,no_helmet,8,0.0
3,vest,1,0.0
3,vest,2,0.8439000248908997
3,vest,3,0.0
3,vest,5,0.0
3,vest,11,0.0
3,vest,31,0.0
3,vest,35,0.0
3,vest,40,0.0
3,vest,12,0.0
3,vest,6,0.0
3,vest,8,0.0
4,no_helmet,1,0.5217000246047974
4,no_helmet,2,0.0
4,no_helmet,3,0.0
4,no_helmet,5,0.0
4,no_helmet,11,0.0
4,no_helmet,31,0.0
4,no_helmet,35,0.0
4,no_helmet,40,0.0
4,no_helmet,12,0.0
4,no_helmet,6,0.0
4,no_helmet,8,0.0
0,helmet,1,0.0
0,helmet,2,0.0
0,helmet,3,0.0
0,helmet,5,0.0
0,helmet,11,0.0
0,helmet,31,0.0
0,helmet,35,0.7785999774932861
0,helmet,12,0.0
0,helmet,6,0.0
0,helmet,8,0.0
1,no_helmet,1,0.0
1,no_helmet,2,0.0
1,no_helmet,3,0.0
1,no_helmet,5,0.5418999791145325
1,no_helmet,11,0.0
1,no_helmet,31,0.0
1,no_helmet,35,0.0
1,no_helmet,12,0.0
1,no_helmet,6,0.0
1,no_helmet,8,0.0
2,no_helmet,1,0.5349000096321106
2,no_helmet,2,0.0
2,no_helmet,3,0.0
2,no_helmet,5,0.0
2,no_helmet,11,0.0
2,no_helmet,31,0.0
2,no_helmet,35,0.0
2,no_helmet,12,0.0
2,no_helmet,6,0.0
2,no_helmet,8,0.0
3,vest,1,0.0
3,vest,2,0.8565000295639038
3,vest,3,0.0
3,vest,5,0.0
3,vest,11,0.0
3,vest,31,0.0
3,vest,35,0.0
3,vest,12,0.0
3,vest,6,0.0
3,vest,8,0.0
0,helmet,1,0.0
0,helmet,2,0.0
0,helmet,3,0.0
0,helmet,5,0.0
0,helmet,31,0.0
0,helmet,35,0.7718999981880188
0,helmet,12,0.0
0,helmet,6,0.0
0,helmet,8,0.0
1,helmet,1,0.0
1,helmet,2,0.0
1,helmet,3,0.0
1,helmet,5,0.0
1,helmet,31,0.8223999738693237
1,helmet,35,0.0
1,helmet,12,0.0
1,helmet,6,0.0
1,helmet,8,0.0
2,no_helmet,1,0.0
2,no_helmet,2,0.0
2,no_helmet,3,0.0
2,no_helmet,5,0.5424000024795532
2,no_helmet,31,0.0
2,no_helmet,35,0.0
2,no_helmet,12,0.0
2,no_helmet,6,0.0
2,no_helmet,8,0.0
3,helmet,1,0.0
3,helmet,2,0.0
3,helmet,3,0.0
3,helmet,5,0.0
3,helmet,31,0.0
3,helmet,35,0.0
3,helmet,12,0.0
3,helmet,6,0.0
3,helmet,8,0.8162999749183655
4,no_helmet,1,0.5347999930381775
4,no_helmet,2,0.0
4,no_helmet,3,0.0
4,no_helmet,5,0.0
4,no_helmet,31,0.0
4,no_helmet,35,0.0
4,no_helmet,12,0.0
4,no_helmet,6,0.0
4,no_helmet,8,0.0
5,vest,1,0.0
5,vest,2,0.8546000123023987
5,vest,3,0.0
5,vest,5,0.0
5,vest,31,0.0
5,vest,35,0.0
5,vest,12,0.0
5,vest,6,0.0
5,vest,8,0.0
0,helmet,1,0.0
0,helmet,2,0.0
0,helmet,3,0.0
0,helmet,5,0.0
0,helmet,31,0.0
0,helmet,35,0.7663000226020813
0,helmet,12,0.0
0,helmet,6,0.0
0,helmet,8,0.0
1,helmet,1,0.0
1,helmet,2,0.0
1,helmet,3,0.7002999782562256
1,helmet,5,0.0
1,helmet,31,0.0
1,helmet,35,0.0
1,helmet,12,0.0
1,helmet,6,0.0
1,helmet,8,0.0
2,helmet,1,0.0
2,helmet,2,0.0
2,helmet,3,0.0
2,helmet,5,0.0
2,helmet,31,0.8223000168800354
2,helmet,35,0.0
2,helmet,12,0.0
2,helmet,6,0.0
2,helmet,8,0.0
3,no_helmet,1,0.0
3,no_helmet,2,0.0
3,no_helmet,3,0.0
3,no_helmet,5,0.541100025177002
3,no_helmet,31,0.0
3,no_helmet,35,0.0
3,no_helmet,12,0.0
3,no_helmet,6,0.0
3,no_helmet,8,0.0
4,helmet,1,0.0
4,helmet,2,0.0
4,helmet,3,0.7937999963760376
4,helmet,5,0.0
4,helmet,31,0.0
4,helmet,35,0.0
4,helmet,12,0.0
4,helmet,6,0.0
4,helmet,8,0.0
5,no_helmet,1,0.5390999913215637
5,no_helmet,2,0.0
5,no_helmet,3,0.0
5,no_helmet,5,0.0
5,no_helmet,31,0.0
5,no_helmet,35,0.0
5,no_helmet,12,0.0
5,no_helmet,6,0.0
5,no_helmet,8,0.0
6,vest,1,0.0
6,vest,2,0.8416000008583069
6,vest,3,0.0
6,vest,5,0.0
6,vest,31,0.0
6,vest,35,0.0
6,vest,12,0.0
6,vest,6,0.0
6,vest,8,0.0
0,helmet,1,0.0
0,helmet,2,0.0
0,helmet,3,0.0
0,helmet,5,0.0
0,helmet,31,0.0
0,helmet,35,0.754800021648407
0,helmet,12,0.0
0,helmet,6,0.0
0,helmet,8,0.0
1,helmet,1,0.0
1,helmet,2,0.0
1,helmet,3,0.0
1,helmet,5,0.0
1,helmet,31,0.8011000156402588
1,helmet,35,0.0
1,helmet,12,0.0
1,helmet,6,0.0
1,helmet,8,0.0
2,no_helmet,1,0.0
2,no_helmet,2,0.0
2,no_helmet,3,0.0
2,no_helmet,5,0.5378999710083008
2,no_helmet,31,0.0
2,no_helmet,35,0.0
2,no_helmet,12,0.0
2,no_helmet,6,0.0
2,no_helmet,8,0.0
3,vest,1,0.0
3,vest,2,0.8349999785423279
3,vest,3,0.0
3,vest,5,0.0
3,vest,31,0.0
3,vest,35,0.0
3,vest,12,0.0
3,vest,6,0.0
3,vest,8,0.0
0,helmet,1,0.0
0,helmet,2,0.0
0,helmet,3,0.0
0,helmet,5,0.0
0,helmet,31,0.0
0,helmet,35,0.7649000287055969
0,helmet,12,0.0
0,helmet,6,0.0
0,helmet,8,0.0
1,helmet,1,0.0
1,helmet,2,0.0
1,helmet,3,0.0
1,helmet,5,0.0
1,helmet,31,0.0
1,helmet,35,0.0
1,helmet,12,0.0
1,helmet,6,0.0
1,helmet,8,0.8140000104904175
2,helmet,1,0.7856000065803528
2,helmet,2,0.0
2,helmet,3,0.0
2,helmet,5,0.0
2,helmet,31,0.0
2,helmet,35,0.0
2,helmet,12,0.0
2,helmet,6,0.0
2,helmet,8,0.0
3,helmet,1,0.0
3,helmet,2,0.0
3,helmet,3,0.0
3,helmet,5,0.0
3,helmet,31,0.7745000123977661
3,helmet,35,0.0
3,helmet,12,0.0
3,helmet,6,0.0
3,helmet,8,0.0
4,no_helmet,1,0.0
4,no_helmet,2,0.0
4,no_helmet,3,0.0
4,no_helmet,5,0.5406000018119812
4,no_helmet,31,0.0
4,no_helmet,35,0.0
4,no_helmet,12,0.0
4,no_helmet,6,0.0
4,no_helmet,8,0.0
5,helmet,1,0.0
5,helmet,2,0.7907000184059143
5,helmet,3,0.0
5,helmet,5,0.0
5,helmet,31,0.0
5,helmet,35,0.0
5,helmet,12,0.0
5,helmet,6,0.0
5,helmet,8,0.0
6,vest,1,0.0
6,vest,2,0.835099995136261
6,vest,3,0.0
6,vest,5,0.0
6,vest,31,0.0
6,vest,35,0.0
6,vest,12,0.0
6,vest,6,0.0
6,vest,8,0.0
7,no_helmet,1,0.5425000190734863
7,no_helmet,2,0.0
7,no_helmet,3,0.0
7,no_helmet,5,0.0
7,no_helmet,31,0.0
7,no_helmet,35,0.0
7,no_helmet,12,0.0
7,no_helmet,6,0.0
7,no_helmet,8,0.0
0,helmet,1,0.0
0,helmet,2,0.0
0,helmet,3,0.0
0,helmet,5,0.0
0,helmet,31,0.0
0,helmet,35,0.758400022983551
0,helmet,6,0.0
0,helmet,8,0.0
1,helmet,1,0.0
1,helmet,2,0.0
1,helmet,3,0.0
1,helmet,5,0.0
1,helmet,31,0.0
1,helmet,35,0.0
1,helmet,6,0.0
1,helmet,8,0.7807999849319458
2,helmet,1,0.0
2,helmet,2,0.7972000241279602
2,helmet,3,0.0
2,helmet,5,0.0
2,helmet,31,0.0
2,helmet,35,0.0
2,helmet,6,0.0
2,helmet,8,0.0
3,helmet,1,0.7906000018119812
3,helmet,2,0.0
3,helmet,3,0.0
3,helmet,5,0.0
3,helmet,31,0.0
3,helmet,35,0.0
3,helmet,6,0.0
3,helmet,8,0.0
4,no_helmet,1,0.0
4,no_helmet,2,0.0
4,no_helmet,3,0.0
4,no_helmet,5,0.5396000146865845
4,no_helmet,31,0.0
4,no_helmet,35,0.0
4,no_helmet,6,0.0
4,no_helmet,8,0.0
5,vest,1,0.0
5,vest,2,0.8353999853134155
5,vest,3,0.0
5,vest,5,0.0
5,vest,31,0.0
5,vest,35,0.0
5,vest,6,0.0
5,vest,8,0.0
0,helmet,1,0.0
0,helmet,2,0.0
0,helmet,3,0.0
0,helmet,5,0.0
0,helmet,31,0.0
0,helmet,35,0.7699999809265137
0,helmet,12,0.0
0,helmet,6,0.0
0,helmet,8,0.0
1,helmet,1,0.0
1,helmet,2,0.0
1,helmet,3,0.0
1,helmet,5,0.0
1,helmet,31,0.0
1,helmet,35,0.0
1,helmet,12,0.0
1,helmet,6,0.0
1,helmet,8,0.7892000079154968
2,no_helmet,1,0.0
2,no_helmet,2,0.0
2,no_helmet,3,0.0
2,no_helmet,5,0.5318999886512756
2,no_helmet,31,0.0
2,no_helmet,35,0.0
2,no_helmet,12,0.0
2,no_helmet,6,0.0
2,no_helmet,8,0.0
3,helmet,1,0.8039000034332275
3,helmet,2,0.0
3,helmet,3,0.0
3,helmet,5,0.0
3,helmet,31,0.0
3,helmet,35,0.0
3,helmet,12,0.0
3,helmet,6,0.0
3,helmet,8,0.0
4,helmet,1,0.0
4,helmet,2,0.8025000095367432
4,helmet,3,0.0
4,helmet,5,0.0
4,helmet,31,0.0
4,helmet,35,0.0
4,helmet,12,0.0
4,helmet,6,0.0
4,helmet,8,0.0
5,vest,1,0.0
5,vest,2,0.8356000185012817
5,vest,3,0.0
5,vest,5,0.0
5,vest,31,0.0
5,vest,35,0.0
5,vest,12,0.0
5,vest,6,0.0
5,vest,8,0.0
0,helmet,1,0.0
0,helmet,2,0.0
0,helmet,3,0.0
0,helmet,5,0.0
0,helmet,31,0.0
0,helmet,35,0.7656000256538391
0,helmet,6,0.0
0,helmet,8,0.0
1,helmet,1,0.8105999827384949
1,helmet,2,0.0
1,helmet,3,0.0
1,helmet,5,0.0
1,helmet,31,0.0
1,helmet,35,0.0
1,helmet,6,0.0
1,helmet,8,0.0
2,no_helmet,1,0.0
2,no_helmet,2,0.0
2,no_helmet,3,0.0
2,no_helmet,5,0.5249000191688538
2,no_helmet,31,0.0
2,no_helmet,35,0.0
2,no_helmet,6,0.0
2,no_helmet,8,0.0
3,helmet,1,0.0
3,helmet,2,0.807699978351593
3,helmet,3,0.0
3,helmet,5,0.0
3,helmet,31,0.0
3,helmet,35,0.0
3,helmet,6,0.0
3,helmet,8,0.0
4,helmet,1,0.0
4,helmet,2,0.0
4,helmet,3,0.0
4,helmet,5,0.0
4,helmet,31,0.0
4,helmet,35,0.0
4,helmet,6,0.0
4,helmet,8,0.8288999795913696
5,helmet,1,0.0
5,helmet,2,0.0
5,helmet,3,0.0
5,helmet,5,0.0
5,helmet,31,0.0
5,helmet,35,0.0
5,helmet,6,0.0
5,helmet,8,0.0
0,helmet,1,0.0
0,helmet,2,0.0
0,helmet,3,0.0
0,helmet,5,0.0
0,helmet,31,0.0
0,helmet,35,0.7663000226020813
0,helmet,6,0.0
0,helmet,8,0.0
1,no_helmet,1,0.0
1,no_helmet,2,0.0
1,no_helmet,3,0.0
1,no_helmet,5,0.5149000287055969
1,no_helmet,31,0.0
1,no_helmet,35,0.0
1,no_helmet,6,0.0
1,no_helmet,8,0.0
2,helmet,1,0.82669997215271
2,helmet,2,0.0
2,helmet,3,0.0
2,helmet,5,0.0
2,helmet,31,0.0
2,helmet,35,0.0
2,helmet,6,0.0
2,helmet,8,0.0
0,helmet,1,0.0
0,helmet,2,0.0
0,helmet,3,0.0
0,helmet,5,0.0
0,helmet,31,0.0
0,helmet,35,0.7716000080108643
0,helmet,6,0.0
0,helmet,8,0.0
1,helmet,1,0.8173999786376953
1,helmet,2,0.0
1,helmet,3,0.0
1,helmet,5,0.0
1,helmet,31,0.0
1,helmet,35,0.0
1,helmet,6,0.0
1,helmet,8,0.0
2,helmet,1,0.0
2,helmet,2,0.0
2,helmet,3,0.0
2,helmet,5,0.0
2,helmet,31,0.0
2,helmet,35,0.0
2,helmet,6,0.0
2,helmet,8,0.0
3,helmet,1,0.0
3,helmet,2,0.8055999875068665
3,helmet,3,0.0
3,helmet,5,0.0
3,helmet,31,0.0
3,helmet,35,0.0
3,helmet,6,0.0
3,helmet,8,0.0
4,no_helmet,1,0.0
4,no_helmet,2,0.0
4,no_helmet,3,0.0
4,no_helmet,5,0.5200999975204468
4,no_helmet,31,0.0
4,no_helmet,35,0.0
4,no_helmet,6,0.0
4,no_helmet,8,0.0
0,helmet,1,0.0
0,helmet,2,0.0
0,helmet,3,0.0
0,helmet,5,0.0
0,helmet,31,0.0
0,helmet,35,0.792900025844574
0,helmet,8,0.0
0,helmet,45,0.0
1,helmet,1,0.7900000214576721
1,helmet,2,0.0
1,helmet,3,0.0
1,helmet,5,0.0
1,helmet,31,0.0
1,helmet,35,0.0
1,helmet,8,0.0
1,helmet,45,0.0
2,helmet,1,0.0
2,helmet,2,0.0
2,helmet,3,0.6437000036239624
2,helmet,5,0.0
2,helmet,31,0.0
2,helmet,35,0.0
2,helmet,8,0.0
2,helmet,45,0.8220999836921692
3,no_helmet,1,0.0
3,no_helmet,2,0.0
3,no_helmet,3,0.0
3,no_helmet,5,0.5059999823570251
3,no_helmet,31,0.0
3,no_helmet,35,0.0
3,no_helmet,8,0.0
3,no_helmet,45,0.0
0,helmet,1,0.0
0,helmet,2,0.0
0,helmet,3,0.0
0,helmet,5,0.0
0,helmet,31,0.0
0,helmet,35,0.8015000224113464
0,helmet,6,0.0
0,helmet,8,0.0
0,helmet,45,0.0
1,helmet,1,0.0
1,helmet,2,0.8026000261306763
1,helmet,3,0.0
1,helmet,5,0.0
1,helmet,31,0.0
1,helmet,35,0.0
1,helmet,6,0.0
1,helmet,8,0.0
1,helmet,45,0.0
2,no_helmet,1,0.0
2,no_helmet,2,0.0
2,no_helmet,3,0.0
2,no_helmet,5,0.5170000195503235
2,no_helmet,31,0.0
2,no_helmet,35,0.0
2,no_helmet,6,0.0
2,no_helmet,8,0.0
2,no_helmet,45,0.0
0,helmet,1,0.0
0,helmet,2,0.0
0,helmet,3,0.0
0,helmet,5,0.0
0,helmet,31,0.0
0,helmet,35,0.7940999865531921
0,helmet,6,0.0
0,helmet,8,0.0
0,helmet,45,0.0
1,no_helmet,1,0.0
1,no_helmet,2,0.0
1,no_helmet,3,0.0
1,no_helmet,5,0.5209000110626221
1,no_helmet,31,0.0
1,no_helmet,35,0.0
1,no_helmet,6,0.0
1,no_helmet,8,0.0
1,no_helmet,45,0.0
0,helmet,1,0.0
0,helmet,2,0.0
0,helmet,3,0.0
0,helmet,5,0.0
0,helmet,31,0.0
0,helmet,35,0.7854999899864197
0,helmet,6,0.0
0,helmet,8,0.0
0,helmet,45,0.0
1,helmet,1,0.0
1,helmet,2,0.7997000217437744
1,helmet,3,0.0
1,helmet,5,0.0
1,helmet,31,0.0
1,helmet,35,0.0
1,helmet,6,0.0
1,helmet,8,0.0
1,helmet,45,0.0
2,no_helmet,1,0.0
2,no_helmet,2,0.0
2,no_helmet,3,0.0
2,no_helmet,5,0.5248000025749207
2,no_helmet,31,0.0
2,no_helmet,35,0.0
2,no_helmet,6,0.0
2,no_helmet,8,0.0
2,no_helmet,45,0.0
0,helmet,1,0.0
0,helmet,2,0.0
0,helmet,3,0.0
0,helmet,5,0.0
0,helmet,31,0.0
0,helmet,35,0.7832000255584717
0,helmet,8,0.0
0,helmet,45,0.0
1,helmet,1,0.0
1,helmet,2,0.0
1,helmet,3,0.0
1,helmet,5,0.0
1,helmet,31,0.7764999866485596
1,helmet,35,0.0
1,helmet,8,0.0
1,helmet,45,0.0
2,no_helmet,1,0.0
2,no_helmet,2,0.0
2,no_helmet,3,0.0
2,no_helmet,5,0.5252000093460083
2,no_helmet,31,0.0
2,no_helmet,35,0.0
2,no_helmet,8,0.0
2,no_helmet,45,0.0
3,no_helmet,1,0.5400000214576721
3,no_helmet,2,0.0
3,no_helmet,3,0.0
3,no_helmet,5,0.0
3,no_helmet,31,0.0
3,no_helmet,35,0.0
3,no_helmet,8,0.0
3,no_helmet,45,0.0
0,helmet,1,0.0
0,helmet,2,0.0
0,helmet,3,0.0
0,helmet,5,0.0
0,helmet,31,0.0
0,helmet,35,0.78329998254776
0,helmet,8,0.0
0,helmet,45,0.0
1,helmet,1,0.0
1,helmet,2,0.0
1,helmet,3,0.0
1,helmet,5,0.0
1,helmet,31,0.7888000011444092
1,helmet,35,0.0
1,helmet,8,0.0
1,helmet,45,0.0
2,helmet,1,0.0
2,helmet,2,0.8015000224113464
2,helmet,3,0.0
2,helmet,5,0.0
2,helmet,31,0.0
2,helmet,35,0.0
2,helmet,8,0.0
2,helmet,45,0.0
3,no_helmet,1,0.0
3,no_helmet,2,0.0
3,no_helmet,3,0.0
3,no_helmet,5,0.527999997138977
3,no_helmet,31,0.0
3,no_helmet,35,0.0
3,no_helmet,8,0.0
3,no_helmet,45,0.0
0,helmet,1,0.0
0,helmet,2,0.0
0,helmet,3,0.0
0,helmet,5,0.0
0,helmet,31,0.0
0,helmet,35,0.7875999808311462
0,helmet,8,0.0
0,helmet,45,0.0
1,helmet,1,0.0
1,helmet,2,0.7914999723434448
1,helmet,3,0.0
1,helmet,5,0.0
1,helmet,31,0.0
1,helmet,35,0.0
1,helmet,8,0.0
1,helmet,45,0.0
2,helmet,1,0.0
2,helmet,2,0.0
2,helmet,3,0.0
2,helmet,5,0.0
2,helmet,31,0.7786999940872192
2,helmet,35,0.0
2,helmet,8,0.0
2,helmet,45,0.0
3,no_helmet,1,0.0
3,no_helmet,2,0.0
3,no_helmet,3,0.0
3,no_helmet,5,0.5281999707221985
3,no_helmet,31,0.0
3,no_helmet,35,0.0
3,no_helmet,8,0.0
3,no_helmet,45,0.0
4,no_helmet,1,0.532800018787384
4,no_helmet,2,0.0
4,no_helmet,3,0.0
4,no_helmet,5,0.0
4,no_helmet,31,0.0
4,no_helmet,35,0.0
4,no_helmet,8,0.0
4,no_helmet,45,0.0
5,no_helmet,1,0.0
5,no_helmet,2,0.0
5,no_helmet,3,0.0
5,no_helmet,5,0.0
5,no_helmet,31,0.0
5,no_helmet,35,0.0
5,no_helmet,8,0.0
5,no_helmet,45,0.5727999806404114
0,helmet,1,0.0
0,helmet,2,0.0
0,helmet,3,0.0
0,helmet,5,0.0
0,helmet,31,0.0
0,helmet,35,0.7975999712944031
0,helmet,8,0.0
0,helmet,45,0.0
1,helmet,1,0.0
1,helmet,2,0.7935000061988831
1,helmet,3,0.0
1,helmet,5,0.0
1,helmet,31,0.0
1,helmet,35,0.0
1,helmet,8,0.0
1,helmet,45,0.0
2,helmet,1,0.0
2,helmet,2,0.0
2,helmet,3,0.0
2,helmet,5,0.0
2,helmet,31,0.7498000264167786
2,helmet,35,0.0
2,helmet,8,0.0
2,helmet,45,0.0
3,no_helmet,1,0.0
3,no_helmet,2,0.0
3,no_helmet,3,0.0
3,no_helmet,5,0.5273000001907349
3,no_helmet,31,0.0
3,no_helmet,35,0.0
3,no_helmet,8,0.0
3,no_helmet,45,0.0
0,helmet,1,0.0
0,helmet,2,0.0
0,helmet,3,0.0
0,helmet,5,0.0
0,helmet,31,0.0
0,helmet,35,0.7972000241279602
0,helmet,8,0.0
0,helmet,45,0.0
1,helmet,1,0.0
1,helmet,2,0.7928000092506409
1,helmet,3,0.0
1,helmet,5,0.0
1,helmet,31,0.0
1,helmet,35,0.0
1,helmet,8,0.0
1,helmet,45,0.0
2,no_helmet,1,0.0
2,no_helmet,2,0.0
2,no_helmet,3,0.0
2,no_helmet,5,0.5370000004768372
2,no_helmet,31,0.0
2,no_helmet,35,0.0
2,no_helmet,8,0.0
2,no_helmet,45,0.0
3,no_helmet,1,0.5382000207901001
3,no_helmet,2,0.0
3,no_helmet,3,0.0
3,no_helmet,5,0.0
3,no_helmet,31,0.0
3,no_helmet,35,0.0
3,no_helmet,8,0.0
3,no_helmet,45,0.0
4,no_helmet,1,0.0
4,no_helmet,2,0.0
4,no_helmet,3,0.5758000016212463
4,no_helmet,5,0.0
4,no_helmet,31,0.0
4,no_helmet,35,0.0
4,no_helmet,8,0.0
4,no_helmet,45,0.0
0,helmet,1,0.0
0,helmet,2,0.0
0,helmet,3,0.0
0,helmet,5,0.0
0,helmet,31,0.0
0,helmet,35,0.8009999990463257
0,helmet,8,0.0
0,helmet,45,0.0
1,helmet,1,0.0
1,helmet,2,0.8003000020980835
1,helmet,3,0.0
1,helmet,5,0.0
1,helmet,31,0.0
1,helmet,35,0.0
1,helmet,8,0.0
1,helmet,45,0.0
2,no_helmet,1,0.0
2,no_helmet,2,0.0
2,no_helmet,3,0.0
2,no_helmet,5,0.5406000018119812
2,no_helmet,31,0.0
2,no_helmet,35,0.0
2,no_helmet,8,0.0
2,no_helmet,45,0.0
3,no_helmet,1,0.5461999773979187
3,no_helmet,2,0.0
3,no_helmet,3,0.0
3,no_helmet,5,0.0
3,no_helmet,31,0.0
3,no_helmet,35,0.0
3,no_helmet,8,0.0
3,no_helmet,45,0.0
4,no_helmet,1,0.0
4,no_helmet,2,0.0
4,no_helmet,3,0.5673999786376953
4,no_helmet,5,0.0
4,no_helmet,31,0.0
4,no_helmet,35,0.0
4,no_helmet,8,0.0
4,no_helmet,45,0.0
0,helmet,1,0.0
0,helmet,2,0.0
0,helmet,3,0.0
0,helmet,5,0.0
0,helmet,31,0.0
0,helmet,35,0.7961000204086304
0,helmet,8,0.0
1,no_helmet,1,0.0
1,no_helmet,2,0.0
1,no_helmet,3,0.0
1,no_helmet,5,0.5292999744415283
1,no_helmet,31,0.0
1,no_helmet,35,0.0
1,no_helmet,8,0.0
2,helmet,1,0.8041999936103821
2,helmet,2,0.0
2,helmet,3,0.0
2,helmet,5,0.0
2,helmet,31,0.0
2,helmet,35,0.0
2,helmet,8,0.0
3,helmet,1,0.0
3,helmet,2,0.8040000200271606
3,helmet,3,0.0
3,helmet,5,0.0
3,helmet,31,0.0
3,helmet,35,0.0
3,helmet,8,0.0
4,no_helmet,1,0.0
4,no_helmet,2,0.0
4,no_helmet,3,0.5698000192642212
4,no_helmet,5,0.0
4,no_helmet,31,0.0
4,no_helmet,35,0.0
4,no_helmet,8,0.0
0,helmet,1,0.0
0,helmet,2,0.0
0,helmet,3,0.0
0,helmet,5,0.0
0,helmet,31,0.0
0,helmet,35,0.7975000143051147
0,helmet,8,0.0
1,no_helmet,1,0.0
1,no_helmet,2,0.0
1,no_helmet,3,0.0
1,no_helmet,5,0.5250999927520752
1,no_helmet,31,0.0
1,no_helmet,35,0.0
1,no_helmet,8,0.0
2,no_helmet,1,0.5439000129699707
2,no_helmet,2,0.0
2,no_helmet,3,0.0
2,no_helmet,5,0.0
2,no_helmet,31,0.0
2,no_helmet,35,0.0
2,no_helmet,8,0.0
3,no_helmet,1,0.0
3,no_helmet,2,0.0
3,no_helmet,3,0.5698999762535095
3,no_helmet,5,0.0
3,no_helmet,31,0.0
3,no_helmet,35,0.0
3,no_helmet,8,0.0
4,no_helmet,1,0.0
4,no_helmet,2,0.0
4,no_helmet,3,0.5776000022888184
4,no_helmet,5,0.0
4,no_helmet,31,0.0
4,no_helmet,35,0.0
4,no_helmet,8,0.0
0,helmet,1,0.0
0,helmet,2,0.0
0,helmet,3,0.0
0,helmet,5,0.0
0,helmet,31,0.0
0,helmet,35,0.7925000190734863
0,helmet,8,0.0
1,no_helmet,1,0.0
1,no_helmet,2,0.0
1,no_helmet,3,0.0
1,no_helmet,5,0.5260000228881836
1,no_helmet,31,0.0
1,no_helmet,35,0.0
1,no_helmet,8,0.0
2,no_helmet,1,0.5450999736785889
2,no_helmet,2,0.0
2,no_helmet,3,0.0
2,no_helmet,5,0.0
2,no_helmet,31,0.0
2,no_helmet,35,0.0
2,no_helmet,8,0.0
3,no_helmet,1,0.0
3,no_helmet,2,0.0
3,no_helmet,3,0.5238000154495239
3,no_helmet,5,0.0
3,no_helmet,31,0.0
3,no_helmet,35,0.0
3,no_helmet,8,0.0
4,no_helmet,1,0.0
4,no_helmet,2,0.0
4,no_helmet,3,0.5740000009536743
4,no_helmet,5,0.0
4,no_helmet,31,0.0
4,no_helmet,35,0.0
4,no_helmet,8,0.0
0,helmet,1,0.0
0,helmet,2,0.0
0,helmet,3,0.0
0,helmet,5,0.0
0,helmet,31,0.0
0,helmet,35,0.7871999740600586
0,helmet,8,0.0
1,no_helmet,1,0.0
1,no_helmet,2,0.0
1,no_helmet,3,0.0
1,no_helmet,5,0.5289000272750854
1,no_helmet,31,0.0
1,no_helmet,35,0.0
1,no_helmet,8,0.0
2,no_helmet,1,0.0
2,no_helmet,2,0.5350000262260437
2,no_helmet,3,0.0
2,no_helmet,5,0.0
2,no_helmet,31,0.0
2,no_helmet,35,0.0
2,no_helmet,8,0.0
3,no_helmet,1,0.554099977016449
3,no_helmet,2,0.0
3,no_helmet,3,0.0
3,no_helmet,5,0.0
3,no_helmet,31,0.0
3,no_helmet,35,0.0
3,no_helmet,8,0.0
4,no_helmet,1,0.0
4,no_helmet,2,0.0
4,no_helmet,3,0.5260999798774719
4,no_helmet,5,0.0
4,no_helmet,31,0.0
4,no_helmet,35,0.0
4,no_helmet,8,0.0
5,no_helmet,1,0.0
5,no_helmet,2,0.0
5,no_helmet,3,0.5691999793052673
5,no_helmet,5,0.0
5,no_helmet,31,0.0
5,no_helmet,35,0.0
5,no_helmet,8,0.0
0,helmet,1,0.0
0,helmet,2,0.0
0,helmet,3,0.0
0,helmet,5,0.0
0,helmet,31,0.0
0,helmet,35,0.7820000052452087
0,helmet,8,0.0
1,helmet,1,0.8075000047683716
1,helmet,2,0.0
1,helmet,3,0.0
1,helmet,5,0.0
1,helmet,31,0.0
1,helmet,35,0.0
1,helmet,8,0.0
2,helmet,1,0.0
2,helmet,2,0.7720000147819519
2,helmet,3,0.0
2,helmet,5,0.0
2,helmet,31,0.0
2,helmet,35,0.0
2,helmet,8,0.0
3,no_helmet,1,0.0
3,no_helmet,2,0.0
3,no_helmet,3,0.0
3,no_helmet,5,0.5360000133514404
3,no_helmet,31,0.0
3,no_helmet,35,0.0
3,no_helmet,8,0.0
4,no_helmet,1,0.0
4,no_helmet,2,0.0
4,no_helmet,3,0.5235000252723694
4,no_helmet,5,0.0
4,no_helmet,31,0.0
4,no_helmet,35,0.0
4,no_helmet,8,0.0
0,helmet,1,0.0
0,helmet,2,0.0
0,helmet,3,0.0
0,helmet,5,0.0
0,helmet,31,0.0
0,helmet,35,0.7803000211715698
0,helmet,8,0.0
1,helmet,1,0.0
1,helmet,2,0.7739999890327454
1,helmet,3,0.0
1,helmet,5,0.0
1,helmet,31,0.0
1,helmet,35,0.0
1,helmet,8,0.0
2,no_helmet,1,0.0
2,no_helmet,2,0.0
2,no_helmet,3,0.0
2,no_helmet,5,0.5403000116348267
2,no_helmet,31,0.0
2,no_helmet,35,0.0
2,no_helmet,8,0.0
3,helmet,1,0.7875999808311462
3,helmet,2,0.0
3,helmet,3,0.0
3,helmet,5,0.0
3,helmet,31,0.0
3,helmet,35,0.0
3,helmet,8,0.0
4,no_helmet,1,0.0
4,no_helmet,2,0.0
4,no_helmet,3,0.5769000053405762
4,no_helmet,5,0.0
4,no_helmet,31,0.0
4,no_helmet,35,0.0
4,no_helmet,8,0.0
5,no_helmet,1,0.0
5,no_helmet,2,0.0
5,no_helmet,3,0.5587999820709229
5,no_helmet,5,0.0
5,no_helmet,31,0.0
5,no_helmet,35,0.0
5,no_helmet,8,0.0
0,helmet,1,0.0
0,helmet,2,0.0
0,helmet,3,0.0
0,helmet,5,0.0
0,helmet,31,0.0
0,helmet,35,0.7734000086784363
0,helmet,8,0.0
1,helmet,1,0.0
1,helmet,2,0.7688000202178955
1,helmet,3,0.0
1,helmet,5,0.0
1,helmet,31,0.0
1,helmet,35,0.0
1,helmet,8,0.0
2,no_helmet,1,0.0
2,no_helmet,2,0.0
2,no_helmet,3,0.0
2,no_helmet,5,0.538100004196167
2,no_helmet,31,0.0
2,no_helmet,35,0.0
2,no_helmet,8,0.0
3,no_helmet,1,0.5260999798774719
3,no_helmet,2,0.0
3,no_helmet,3,0.0
3,no_helmet,5,0.0
3,no_helmet,31,0.0
3,no_helmet,35,0.0
3,no_helmet,8,0.0
4,no_helmet,1,0.0
4,no_helmet,2,0.0
4,no_helmet,3,0.5770000219345093
4,no_helmet,5,0.0
4,no_helmet,31,0.0
4,no_helmet,35,0.0
4,no_helmet,8,0.0
5,no_helmet,1,0.0
5,no_helmet,2,0.0
5,no_helmet,3,0.5534999966621399
5,no_helmet,5,0.0
5,no_helmet,31,0.0
5,no_helmet,35,0.0
5,no_helmet,8,0.0
0,helmet,1,0.0
0,helmet,2,0.0
0,helmet,3,0.0
0,helmet,5,0.0
0,helmet,31,0.0
0,helmet,35,0.7705000042915344
0,helmet,40,0.0
1,no_helmet,1,0.0
1,no_helmet,2,0.0
1,no_helmet,3,0.0
1,no_helmet,5,0.535099983215332
1,no_helmet,31,0.0
1,no_helmet,35,0.0
1,no_helmet,40,0.0
2,helmet,1,0.0
2,helmet,2,0.76910001039505
2,helmet,3,0.0
2,helmet,5,0.0
2,helmet,31,0.0
2,helmet,35,0.0
2,helmet,40,0.0
3,no_helmet,1,0.5264999866485596
3,no_helmet,2,0.0
3,no_helmet,3,0.0
3,no_helmet,5,0.0
3,no_helmet,31,0.0
3,no_helmet,35,0.0
3,no_helmet,40,0.0
4,no_helmet,1,0.0
4,no_helmet,2,0.0
4,no_helmet,3,0.5504999756813049
4,no_helmet,5,0.0
4,no_helmet,31,0.0
4,no_helmet,35,0.0
4,no_helmet,40,0.0
5,no_helmet,1,0.0
5,no_helmet,2,0.0
5,no_helmet,3,0.5684999823570251
5,no_helmet,5,0.0
5,no_helmet,31,0.0
5,no_helmet,35,0.0
5,no_helmet,40,0.0
0,helmet,1,0.0
0,helmet,2,0.7699000239372253
0,helmet,3,0.0
0,helmet,5,0.0
0,helmet,31,0.0
0,helmet,35,0.0
0,helmet,8,0.0
0,helmet,40,0.0
1,no_helmet,1,0.0
1,no_helmet,2,0.0
1,no_helmet,3,0.0
1,no_helmet,5,0.5335000157356262
1,no_helmet,31,0.0
1,no_helmet,35,0.0
1,no_helmet,8,0.0
1,no_helmet,40,0.0
2,helmet,1,0.0
2,helmet,2,0.0
2,helmet,3,0.0
2,helmet,5,0.0
2,helmet,31,0.0
2,helmet,35,0.7781999707221985
2,helmet,8,0.0
2,helmet,40,0.0
3,no_helmet,1,0.5210999846458435
3,no_helmet,2,0.0
3,no_helmet,3,0.0
3,no_helmet,5,0.0
3,no_helmet,31,0.0
3,no_helmet,35,0.0
3,no_helmet,8,0.0
3,no_helmet,40,0.0
4,no_helmet,1,0.0
4,no_helmet,2,0.0
4,no_helmet,3,0.555400013923645
4,no_helmet,5,0.0
4,no_helmet,31,0.0
4,no_helmet,35,0.0
4,no_helmet,8,0.0
4,no_helmet,40,0.0
0,helmet,1,0.0
0,helmet,2,0.7754999995231628
0,helmet,3,0.0
0,helmet,5,0.0
0,helmet,31,0.0
0,helmet,35,0.0
0,helmet,40,0.0
1,helmet,1,0.0
1,helmet,2,0.0
1,helmet,3,0.0
1,helmet,5,0.0
1,helmet,31,0.0
1,helmet,35,0.7868000268936157
1,helmet,40,0.0
2,no_helmet,1,0.0
2,no_helmet,2,0.0
2,no_helmet,3,0.0
2,no_helmet,5,0.5281999707221985
2,no_helmet,31,0.0
2,no_helmet,35,0.0
2,no_helmet,40,0.0
3,no_helmet,1,0.5250999927520752
3,no_helmet,2,0.0
3,no_helmet,3,0.0
3,no_helmet,5,0.0
3,no_helmet,31,0.0
3,no_helmet,35,0.0
3,no_helmet,40,0.0
0,helmet,1,0.0
0,helmet,2,0.774399995803833
0,helmet,3,0.0
0,helmet,5,0.0
0,helmet,31,0.0
0,helmet,35,0.0
0,helmet,40,0.0
1,helmet,1,0.0
1,helmet,2,0.0
1,helmet,3,0.0
1,helmet,5,0.0
1,helmet,31,0.0
1,helmet,35,0.7847999930381775
1,helmet,40,0.0
2,no_helmet,1,0.0
2,no_helmet,2,0.0
2,no_helmet,3,0.0
2,no_helmet,5,0.5292999744415283
2,no_helmet,31,0.0
2,no_helmet,35,0.0
2,no_helmet,40,0.0
3,no_helmet,1,0.5307000279426575
3,no_helmet,2,0.0
3,no_helmet,3,0.0
3,no_helmet,5,0.0
3,no_helmet,31,0.0
3,no_helmet,35,0.0
3,no_helmet,40,0.0
0,helmet,1,0.0
0,helmet,2,0.0
0,helmet,3,0.0
0,helmet,5,0.0
0,helmet,31,0.0
0,helmet,35,0.7950000166893005
0,helmet,40,0.0
1,helmet,1,0.0
1,helmet,2,0.7811999917030334
1,helmet,3,0.0
1,helmet,5,0.0
1,helmet,31,0.0
1,helmet,35,0.0
1,helmet,40,0.0
2,no_helmet,1,0.0
2,no_helmet,2,0.0
2,no_helmet,3,0.0
2,no_helmet,5,0.5335999727249146
2,no_helmet,31,0.0
2,no_helmet,35,0.0
2,no_helmet,40,0.0
3,no_helmet,1,0.5383999943733215
3,no_helmet,2,0.0
3,no_helmet,3,0.0
3,no_helmet,5,0.0
3,no_helmet,31,0.0
3,no_helmet,35,0.0
3,no_helmet,40,0.0
0,helmet,1,0.0
0,helmet,2,0.0
0,helmet,3,0.0
0,helmet,5,0.0
0,helmet,31,0.0
0,helmet,35,0.7924000024795532
0,helmet,40,0.0
1,helmet,1,0.0
1,helmet,2,0.7854999899864197
1,helmet,3,0.0
1,helmet,5,0.0
1,helmet,31,0.0
1,helmet,35,0.0
1,helmet,40,0.0
2,no_helmet,1,0.0
2,no_helmet,2,0.0
2,no_helmet,3,0.0
2,no_helmet,5,0.5371999740600586
2,no_helmet,31,0.0
2,no_helmet,35,0.0
2,no_helmet,40,0.0
3,no_helmet,1,0.5407000184059143
3,no_helmet,2,0.0
3,no_helmet,3,0.0
3,no_helmet,5,0.0
3,no_helmet,31,0.0
3,no_helmet,35,0.0
3,no_helmet,40,0.0
0,helmet,1,0.0
0,helmet,2,0.0
0,helmet,3,0.0
0,helmet,5,0.0
0,helmet,31,0.0
0,helmet,35,0.7986000180244446
0,helmet,40,0.0
1,helmet,1,0.0
1,helmet,2,0.7882000207901001
1,helmet,3,0.0
1,helmet,5,0.0
1,helmet,31,0.0
1,helmet,35,0.0
1,helmet,40,0.0
2,no_helmet,1,0.5414999723434448
2,no_helmet,2,0.0
2,no_helmet,3,0.0
2,no_helmet,5,0.0
2,no_helmet,31,0.0
2,no_helmet,35,0.0
2,no_helmet,40,0.0
3,no_helmet,1,0.0
3,no_helmet,2,0.0
3,no_helmet,3,0.0
3,no_helmet,5,0.5361999869346619
3,no_helmet,31,0.0
3,no_helmet,35,0.0
3,no_helmet,40,0.0
4,no_helmet,1,0.0
4,no_helmet,2,0.0
4,no_helmet,3,0.5291000008583069
4,no_helmet,5,0.0
4,no_helmet,31,0.0
4,no_helmet,35,0.0
4,no_helmet,40,0.0
0,helmet,1,0.0
0,helmet,2,0.0
0,helmet,3,0.0
0,helmet,5,0.0
0,helmet,31,0.0
0,helmet,35,0.7998999953269958
0,helmet,40,0.0
0,helmet,8,0.0
1,helmet,1,0.0
1,helmet,2,0.7860000133514404
1,helmet,3,0.0
1,helmet,5,0.0
1,helmet,31,0.0
1,helmet,35,0.0
1,helmet,40,0.0
1,helmet,8,0.0
2,no_helmet,1,0.5400999784469604
2,no_helmet,2,0.0
2,no_helmet,3,0.0
2,no_helmet,5,0.0
2,no_helmet,31,0.0
2,no_helmet,35,0.0
2,no_helmet,40,0.0
2,no_helmet,8,0.0
3,no_helmet,1,0.0
3,no_helmet,2,0.0
3,no_helmet,3,0.0
3,no_helmet,5,0.5321000218391418
3,no_helmet,31,0.0
3,no_helmet,35,0.0
3,no_helmet,40,0.0
3,no_helmet,8,0.0
4,no_helmet,1,0.0
4,no_helmet,2,0.0
4,no_helmet,3,0.5325999855995178
4,no_helmet,5,0.0
4,no_helmet,31,0.0
4,no_helmet,35,0.0
4,no_helmet,40,0.0
4,no_helmet,8,0.0
0,helmet,1,0.0
0,helmet,2,0.0
0,helmet,3,0.0
0,helmet,5,0.0
0,helmet,31,0.0
0,helmet,35,0.791700005531311
0,helmet,40,0.0
0,helmet,8,0.0
1,helmet,1,0.0
1,helmet,2,0.7831000089645386
1,helmet,3,0.0
1,helmet,5,0.0
1,helmet,31,0.0
1,helmet,35,0.0
1,helmet,40,0.0
1,helmet,8,0.0
2,no_helmet,1,0.5547000169754028
2,no_helmet,2,0.0
2,no_helmet,3,0.0
2,no_helmet,5,0.0
2,no_helmet,31,0.0
2,no_helmet,35,0.0
2,no_helmet,40,0.0
2,no_helmet,8,0.0
3,no_helmet,1,0.0
3,no_helmet,2,0.0
3,no_helmet,3,0.0
3,no_helmet,5,0.5306000113487244
3,no_helmet,31,0.0
3,no_helmet,35,0.0
3,no_helmet,40,0.0
3,no_helmet,8,0.0
4,no_helmet,1,0.0
4,no_helmet,2,0.0
4,no_helmet,3,0.541700005531311
4,no_helmet,5,0.0
4,no_helmet,31,0.0
4,no_helmet,35,0.0
4,no_helmet,40,0.0
4,no_helmet,8,0.0
5,no_helmet,1,0.0
5,no_helmet,2,0.0
5,no_helmet,3,0.0
5,no_helmet,5,0.0
5,no_helmet,31,0.0
5,no_helmet,35,0.0
5,no_helmet,40,0.0
5,no_helmet,8,0.0
0,helmet,1,0.0
0,helmet,2,0.0
0,helmet,3,0.0
0,helmet,5,0.0
0,helmet,31,0.0
0,helmet,35,0.7921000123023987
0,helmet,40,0.0
1,no_helmet,1,0.5647000074386597
1,no_helmet,2,0.0
1,no_helmet,3,0.0
1,no_helmet,5,0.0
1,no_helmet,31,0.0
1,no_helmet,35,0.0
1,no_helmet,40,0.0
2,no_helmet,1,0.0
2,no_helmet,2,0.0
2,no_helmet,3,0.0
2,no_helmet,5,0.5572999715805054
2,no_helmet,31,0.0
2,no_helmet,35,0.0
2,no_helmet,40,0.0
3,no_helmet,1,0.0
3,no_helmet,2,0.0
3,no_helmet,3,0.5509999990463257
3,no_helmet,5,0.0
3,no_helmet,31,0.0
3,no_helmet,35,0.0
3,no_helmet,40,0.0
4,no_helmet,1,0.0
4,no_helmet,2,0.0
4,no_helmet,3,0.0
4,no_helmet,5,0.0
4,no_helmet,31,0.0
4,no_helmet,35,0.0
4,no_helmet,40,0.0
0,helmet,1,0.0
0,helmet,2,0.0
0,helmet,3,0.0
0,helmet,5,0.0
0,helmet,31,0.0
0,helmet,35,0.7804999947547913
0,helmet,40,0.0
1,helmet,1,0.0
1,helmet,2,0.7409999966621399
1,helmet,3,0.0
1,helmet,5,0.0
1,helmet,31,0.0
1,helmet,35,0.0
1,helmet,40,0.0
2,no_helmet,1,0.0
2,no_helmet,2,0.0
2,no_helmet,3,0.0
2,no_helmet,5,0.5336999893188477
2,no_helmet,31,0.0
2,no_helmet,35,0.0
2,no_helmet,40,0.0
3,no_helmet,1,0.5674999952316284
3,no_helmet,2,0.0
3,no_helmet,3,0.0
3,no_helmet,5,0.0
3,no_helmet,31,0.0
3,no_helmet,35,0.0
3,no_helmet,40,0.0
0,helmet,1,0.0
0,helmet,2,0.7882000207901001
0,helmet,3,0.0
0,helmet,5,0.0
0,helmet,31,0.0
0,helmet,35,0.0
0,helmet,47,0.0
0,helmet,40,0.0
0,helmet,12,0.0
1,no_helmet,1,0.0
1,no_helmet,2,0.0
1,no_helmet,3,0.0
1,no_helmet,5,0.531000018119812
1,no_helmet,31,0.0
1,no_helmet,35,0.0
1,no_helmet,47,0.0
1,no_helmet,40,0.0
1,no_helmet,12,0.0
2,no_helmet,1,0.5605000257492065
2,no_helmet,2,0.0
2,no_helmet,3,0.0
2,no_helmet,5,0.0
2,no_helmet,31,0.0
2,no_helmet,35,0.0
2,no_helmet,47,0.0
2,no_helmet,40,0.0
2,no_helmet,12,0.0
0,helmet,1,0.0
0,helmet,2,0.7878999710083008
0,helmet,3,0.0
0,helmet,5,0.0
0,helmet,31,0.0
0,helmet,35,0.0
0,helmet,47,0.0
0,helmet,40,0.0
0,helmet,12,0.0
1,no_helmet,1,0.0
1,no_helmet,2,0.0
1,no_helmet,3,0.0
1,no_helmet,5,0.5266000032424927
1,no_helmet,31,0.0
1,no_helmet,35,0.0
1,no_helmet,47,0.0
1,no_helmet,40,0.0
1,no_helmet,12,0.0
2,vest,1,0.0
2,vest,2,0.8486999869346619
2,vest,3,0.0
2,vest,5,0.0
2,vest,31,0.0
2,vest,35,0.0
2,vest,47,0.0
2,vest,40,0.0
2,vest,12,0.0
3,no_helmet,1,0.559499979019165
3,no_helmet,2,0.0
3,no_helmet,3,0.0
3,no_helmet,5,0.0
3,no_helmet,31,0.0
3,no_helmet,35,0.0
3,no_helmet,47,0.0
3,no_helmet,40,0.0
3,no_helmet,12,0.0
0,helmet,1,0.0
0,helmet,2,0.7875999808311462
0,helmet,3,0.0
0,helmet,5,0.0
0,helmet,31,0.0
0,helmet,35,0.0
0,helmet,47,0.0
0,helmet,40,0.0
0,helmet,12,0.0
1,no_helmet,1,0.0
1,no_helmet,2,0.0
1,no_helmet,3,0.0
1,no_helmet,5,0.5310999751091003
1,no_helmet,31,0.0
1,no_helmet,35,0.0
1,no_helmet,47,0.0
1,no_helmet,40,0.0
1,no_helmet,12,0.0
2,helmet,1,0.0
2,helmet,2,0.0
2,helmet,3,0.0
2,helmet,5,0.0
2,helmet,31,0.0
2,helmet,35,0.7853999733924866
2,helmet,47,0.0
2,helmet,40,0.0
2,helmet,12,0.0
3,no_helmet,1,0.0
3,no_helmet,2,0.0
3,no_helmet,3,0.0
3,no_helmet,5,0.0
3,no_helmet,31,0.0
3,no_helmet,35,0.0
3,no_helmet,47,0.5099999904632568
3,no_helmet,40,0.0
3,no_helmet,12,0.0
4,vest,1,0.0
4,vest,2,0.8414000272750854
4,vest,3,0.0
4,vest,5,0.0
4,vest,31,0.0
4,vest,35,0.0
4,vest,47,0.0
4,vest,40,0.0
4,vest,12,0.0
5,no_helmet,1,0.5519000291824341
5,no_helmet,2,0.0
5,no_helmet,3,0.0
5,no_helmet,5,0.0
5,no_helmet,31,0.0
5,no_helmet,35,0.0
5,no_helmet,47,0.0
5,no_helmet,40,0.0
5,no_helmet,12,0.0
0,no_helmet,1,0.0
0,no_helmet,2,0.0
0,no_helmet,3,0.0
0,no_helmet,5,0.5346999764442444
0,no_helmet,31,0.0
0,no_helmet,35,0.0
0,no_helmet,47,0.0
0,no_helmet,40,0.0
0,no_helmet,12,0.0
1,helmet,1,0.0
1,helmet,2,0.0
1,helmet,3,0.0
1,helmet,5,0.0
1,helmet,31,0.0
1,helmet,35,0.7876999974250793
1,helmet,47,0.0
1,helmet,40,0.0
1,helmet,12,0.0
2,helmet,1,0.0
2,helmet,2,0.0
2,helmet,3,0.0
2,helmet,5,0.0
2,helmet,31,0.0
2,helmet,35,0.0
2,helmet,47,0.0
2,helmet,40,0.0
2,helmet,12,0.771399974822998
3,no_helmet,1,0.0
3,no_helmet,2,0.0
3,no_helmet,3,0.0
3,no_helmet,5,0.0
3,no_helmet,31,0.0
3,no_helmet,35,0.0
3,no_helmet,47,0.5271999835968018
3,no_helmet,40,0.0
3,no_helmet,12,0.0
4,vest,1,0.0
4,vest,2,0.8438000082969666
4,vest,3,0.0
4,vest,5,0.0
4,vest,31,0.0
4,vest,35,0.0
4,vest,47,0.0
4,vest,40,0.0
4,vest,12,0.0
5,no_helmet,1,0.5390999913215637
5,no_helmet,2,0.0
5,no_helmet,3,0.0
5,no_helmet,5,0.0
5,no_helmet,31,0.0
5,no_helmet,35,0.0
5,no_helmet,47,0.0
5,no_helmet,40,0.0
5,no_helmet,12,0.0
0,helmet,1,0.0
0,helmet,2,0.0
0,helmet,3,0.0
0,helmet,5,0.0
0,helmet,31,0.0
0,helmet,35,0.7922999858856201
0,helmet,47,0.0
0,helmet,40,0.0
0,helmet,12,0.0
1,no_helmet,1,0.0
1,no_helmet,2,0.0
1,no_helmet,3,0.0
1,no_helmet,5,0.546500027179718
1,no_helmet,31,0.0
1,no_helmet,35,0.0
1,no_helmet,47,0.0
1,no_helmet,40,0.0
1,no_helmet,12,0.0
2,helmet,1,0.0
2,helmet,2,0.0
2,helmet,3,0.0
2,helmet,5,0.0
2,helmet,31,0.0
2,helmet,35,0.0
2,helmet,47,0.0
2,helmet,40,0.0
2,helmet,12,0.769599974155426
3,helmet,1,0.7763000130653381
3,helmet,2,0.0
3,helmet,3,0.0
3,helmet,5,0.0
3,helmet,31,0.0
3,helmet,35,0.0
3,helmet,47,0.0
3,helmet,40,0.0
3,helmet,12,0.0
4,no_helmet,1,0.0
4,no_helmet,2,0.0
4,no_helmet,3,0.0
4,no_helmet,5,0.0
4,no_helmet,31,0.0
4,no_helmet,35,0.0
4,no_helmet,47,0.5300999879837036
4,no_helmet,40,0.0
4,no_helmet,12,0.0
5,vest,1,0.0
5,vest,2,0.8411999940872192
5,vest,3,0.0
5,vest,5,0.0
5,vest,31,0.0
5,vest,35,0.0
5,vest,47,0.0
5,vest,40,0.0
5,vest,12,0.0
0,helmet,1,0.0
0,helmet,2,0.0
0,helmet,3,0.0
0,helmet,5,0.0
0,helmet,31,0.0
0,helmet,35,0.8029999732971191
0,helmet,47,0.0
0,helmet,40,0.0
0,helmet,12,0.0
1,helmet,1,0.0
1,helmet,2,0.0
1,helmet,3,0.0
1,helmet,5,0.0
1,helmet,31,0.0
1,helmet,35,0.0
1,helmet,47,0.0
1,helmet,40,0.0
1,helmet,12,0.7894999980926514
2,helmet,1,0.7803999781608582
2,helmet,2,0.0
2,helmet,3,0.0
2,helmet,5,0.0
2,helmet,31,0.0
2,helmet,35,0.0
2,helmet,47,0.0
2,helmet,40,0.0
2,helmet,12,0.0
3,no_helmet,1,0.0
3,no_helmet,2,0.0
3,no_helmet,3,0.0
3,no_helmet,5,0.5482000112533569
3,no_helmet,31,0.0
3,no_helmet,35,0.0
3,no_helmet,47,0.0
3,no_helmet,40,0.0
3,no_helmet,12,0.0
4,vest,1,0.0
4,vest,2,0.8471999764442444
4,vest,3,0.0
4,vest,5,0.0
4,vest,31,0.0
4,vest,35,0.0
4,vest,47,0.0
4,vest,40,0.0
4,vest,12,0.0
5,no_helmet,1,0.0
5,no_helmet,2,0.0
5,no_helmet,3,0.0
5,no_helmet,5,0.0
5,no_helmet,31,0.0
5,no_helmet,35,0.0
5,no_helmet,47,0.5408999919891357
5,no_helmet,40,0.0
5,no_helmet,12,0.0
0,helmet,1,0.0
0,helmet,2,0.0
0,helmet,3,0.0
0,helmet,5,0.0
0,helmet,31,0.0
0,helmet,35,0.808899998664856
0,helmet,47,0.0
0,helmet,40,0.0
0,helmet,12,0.0
1,helmet,1,0.0
1,helmet,2,0.0
1,helmet,3,0.0
1,helmet,5,0.0
1,helmet,31,0.0
1,helmet,35,0.0
1,helmet,47,0.0
1,helmet,40,0.0
1,helmet,12,0.7986999750137329
2,helmet,1,0.0
2,helmet,2,0.8025000095367432
2,helmet,3,0.0
2,helmet,5,0.0
2,helmet,31,0.0
2,helmet,35,0.0
2,helmet,47,0.0
2,helmet,40,0.0
2,helmet,12,0.0
3,no_helmet,1,0.0
3,no_helmet,2,0.0
3,no_helmet,3,0.0
3,no_helmet,5,0.5490999817848206
3,no_helmet,31,0.0
3,no_helmet,35,0.0
3,no_helmet,47,0.0
3,no_helmet,40,0.0
3,no_helmet,12,0.0
4,no_helmet,1,0.5260999798774719
4,no_helmet,2,0.0
4,no_helmet,3,0.0
4,no_helmet,5,0.0
4,no_helmet,31,0.0
4,no_helmet,35,0.0
4,no_helmet,47,0.0
4,no_helmet,40,0.0
4,no_helmet,12,0.0
5,vest,1,0.0
5,vest,2,0.8478999733924866
5,vest,3,0.0
5,vest,5,0.0
5,vest,31,0.0
5,vest,35,0.0
5,vest,47,0.0
5,vest,40,0.0
5,vest,12,0.0
6,no_helmet,1,0.0
6,no_helmet,2,0.0
6,no_helmet,3,0.0
6,no_helmet,5,0.0
6,no_helmet,31,0.0
6,no_helmet,35,0.0
6,no_helmet,47,0.560699999332428
6,no_helmet,40,0.0
6,no_helmet,12,0.0
7,no_helmet,1,0.0
7,no_helmet,2,0.0
7,no_helmet,3,0.5497999787330627
7,no_helmet,5,0.0
7,no_helmet,31,0.0
7,no_helmet,35,0.0
7,no_helmet,47,0.0
7,no_helmet,40,0.0
7,no_helmet,12,0.0
0,helmet,1,0.0
0,helmet,2,0.0
0,helmet,3,0.0
0,helmet,5,0.0
0,helmet,31,0.0
0,helmet,35,0.7962999939918518
0,helmet,47,0.0
0,helmet,40,0.0
0,helmet,12,0.0
1,helmet,1,0.0
1,helmet,2,0.8032000064849854
1,helmet,3,0.0
1,helmet,5,0.0
1,helmet,31,0.0
1,helmet,35,0.0
1,helmet,47,0.0
1,helmet,40,0.0
1,helmet,12,0.0
2,no_helmet,1,0.0
2,no_helmet,2,0.0
2,no_helmet,3,0.0
2,no_helmet,5,0.552299976348877
2,no_helmet,31,0.0
2,no_helmet,35,0.0
2,no_helmet,47,0.0
2,no_helmet,40,0.0
2,no_helmet,12,0.0
3,helmet,1,0.0
3,helmet,2,0.0
3,helmet,3,0.0
3,helmet,5,0.0
3,helmet,31,0.0
3,helmet,35,0.0
3,helmet,47,0.0
3,helmet,40,0.0
3,helmet,12,0.8021000027656555
4,no_helmet,1,0.5270000100135803
4,no_helmet,2,0.0
4,no_helmet,3,0.0
4,no_helmet,5,0.0
4,no_helmet,31,0.0
4,no_helmet,35,0.0
4,no_helmet,47,0.0
4,no_helmet,40,0.0
4,no_helmet,12,0.0
5,vest,1,0.0
5,vest,2,0.8417999744415283
5,vest,3,0.0
5,vest,5,0.0
5,vest,31,0.0
5,vest,35,0.0
5,vest,47,0.0
5,vest,40,0.0
5,vest,12,0.0
6,no_helmet,1,0.0
6,no_helmet,2,0.0
6,no_helmet,3,0.5462999939918518
6,no_helmet,5,0.0
6,no_helmet,31,0.0
6,no_helmet,35,0.0
6,no_helmet,47,0.0
6,no_helmet,40,0.0
6,no_helmet,12,0.0
7,no_helmet,1,0.0
7,no_helmet,2,0.0
7,no_helmet,3,0.0
7,no_helmet,5,0.0
7,no_helmet,31,0.0
7,no_helmet,35,0.0
7,no_helmet,47,0.5701000094413757
7,no_helmet,40,0.0
7,no_helmet,12,0.0
0,helmet,1,0.0
0,helmet,2,0.0
0,helmet,3,0.0
0,helmet,5,0.0
0,helmet,31,0.0
0,helmet,35,0.79830002784729
0,helmet,47,0.0
0,helmet,40,0.0
0,helmet,12,0.0
1,helmet,1,0.0
1,helmet,2,0.7922999858856201
1,helmet,3,0.0
1,helmet,5,0.0
1,helmet,31,0.0
1,helmet,35,0.0
1,helmet,47,0.0
1,helmet,40,0.0
1,helmet,12,0.0
2,no_helmet,1,0.0
2,no_helmet,2,0.0
2,no_helmet,3,0.0
2,no_helmet,5,0.5394999980926514
2,no_helmet,31,0.0
2,no_helmet,35,0.0
2,no_helmet,47,0.0
2,no_helmet,40,0.0
2,no_helmet,12,0.0
3,no_helmet,1,0.535099983215332
3,no_helmet,2,0.0
3,no_helmet,3,0.0
3,no_helmet,5,0.0
3,no_helmet,31,0.0
3,no_helmet,35,0.0
3,no_helmet,47,0.0
3,no_helmet,40,0.0
3,no_helmet,12,0.0
4,vest,1,0.0
4,vest,2,0.840499997138977
4,vest,3,0.0
4,vest,5,0.0
4,vest,31,0.0
4,vest,35,0.0
4,vest,47,0.0
4,vest,40,0.0
4,vest,12,0.0
5,no_helmet,1,0.0
5,no_helmet,2,0.0
5,no_helmet,3,0.0
5,no_helmet,5,0.0
5,no_helmet,31,0.0
5,no_helmet,35,0.0
5,no_helmet,47,0.5602999925613403
5,no_helmet,40,0.0
5,no_helmet,12,0.0
6,no_helmet,1,0.0
6,no_helmet,2,0.0
6,no_helmet,3,0.5324000120162964
6,no_helmet,5,0.0
6,no_helmet,31,0.0
6,no_helmet,35,0.0
6,no_helmet,47,0.0
6,no_helmet,40,0.0
6,no_helmet,12,0.0
0,helmet,1,0.0
0,helmet,2,0.0
0,helmet,3,0.0
0,helmet,5,0.0
0,helmet,31,0.0
0,helmet,35,0.7825000286102295
0,helmet,47,0.0
0,helmet,40,0.0
0,helmet,12,0.0
1,helmet,1,0.0
1,helmet,2,0.7853000164031982
1,helmet,3,0.0
1,helmet,5,0.0
1,helmet,31,0.0
1,helmet,35,0.0
1,helmet,47,0.0
1,helmet,40,0.0
1,helmet,12,0.0
2,no_helmet,1,0.0
2,no_helmet,2,0.0
2,no_helmet,3,0.0
2,no_helmet,5,0.5335000157356262
2,no_helmet,31,0.0
2,no_helmet,35,0.0
2,no_helmet,47,0.0
2,no_helmet,40,0.0
2,no_helmet,12,0.0
3,no_helmet,1,0.5497999787330627
3,no_helmet,2,0.0
3,no_helmet,3,0.0
3,no_helmet,5,0.0
3,no_helmet,31,0.0
3,no_helmet,35,0.0
3,no_helmet,47,0.0
3,no_helmet,40,0.0
3,no_helmet,12,0.0
4,no_helmet,1,0.0
4,no_helmet,2,0.0
4,no_helmet,3,0.0
4,no_helmet,5,0.0
4,no_helmet,31,0.0
4,no_helmet,35,0.0
4,no_helmet,47,0.5734999775886536
4,no_helmet,40,0.0
4,no_helmet,12,0.0
5,no_helmet,1,0.0
5,no_helmet,2,0.0
5,no_helmet,3,0.5529999732971191
5,no_helmet,5,0.0
5,no_helmet,31,0.0
5,no_helmet,35,0.0
5,no_helmet,47,0.0
5,no_helmet,40,0.0
5,no_helmet,12,0.0
0,helmet,1,0.0
0,helmet,2,0.0
0,helmet,3,0.0
0,helmet,5,0.0
0,helmet,31,0.0
0,helmet,35,0.784500002861023
0,helmet,47,0.0
0,helmet,40,0.0
1,helmet,1,0.0
1,helmet,2,0.7821999788284302
1,helmet,3,0.0
1,helmet,5,0.0
1,helmet,31,0.0
1,helmet,35,0.0
1,helmet,47,0.0
1,helmet,40,0.0
2,no_helmet,1,0.0
2,no_helmet,2,0.0
2,no_helmet,3,0.0
2,no_helmet,5,0.5320000052452087
2,no_helmet,31,0.0
2,no_helmet,35,0.0
2,no_helmet,47,0.0
2,no_helmet,40,0.0
3,no_helmet,1,0.0
3,no_helmet,2,0.0
3,no_helmet,3,0.0
3,no_helmet,5,0.0
3,no_helmet,31,0.0
3,no_helmet,35,0.0
3,no_helmet,47,0.5738999843597412
3,no_helmet,40,0.0
4,no_helmet,1,0.0
4,no_helmet,2,0.0
4,no_helmet,3,0.5551000237464905
4,no_helmet,5,0.0
4,no_helmet,31,0.0
4,no_helmet,35,0.0
4,no_helmet,47,0.0
4,no_helmet,40,0.0
5,no_helmet,1,0.5598000288009644
5,no_helmet,2,0.0
5,no_helmet,3,0.0
5,no_helmet,5,0.0
5,no_helmet,31,0.0
5,no_helmet,35,0.0
5,no_helmet,47,0.0
5,no_helmet,40,0.0
0,helmet,1,0.0
0,helmet,2,0.0
0,helmet,3,0.0
0,helmet,5,0.0
0,helmet,31,0.0
0,helmet,35,0.7807999849319458
0,helmet,47,0.0
0,helmet,40,0.0
1,helmet,1,0.0
1,helmet,2,0.7893000245094299
1,helmet,3,0.0
1,helmet,5,0.0
1,helmet,31,0.0
1,helmet,35,0.0
1,helmet,47,0.0
1,helmet,40,0.0
2,no_helmet,1,0.0
2,no_helmet,2,0.0
2,no_helmet,3,0.0
2,no_helmet,5,0.5227000117301941
2,no_helmet,31,0.0
2,no_helmet,35,0.0
2,no_helmet,47,0.0
2,no_helmet,40,0.0
3,no_helmet,1,0.0
3,no_helmet,2,0.0
3,no_helmet,3,0.0
3,no_helmet,5,0.0
3,no_helmet,31,0.0
3,no_helmet,35,0.0
3,no_helmet,47,0.5708000063896179
3,no_helmet,40,0.0
4,no_helmet,1,0.0
4,no_helmet,2,0.0
4,no_helmet,3,0.560699999332428
4,no_helmet,5,0.0
4,no_helmet,31,0.0
4,no_helmet,35,0.0
4,no_helmet,47,0.0
4,no_helmet,40,0.0
0,helmet,1,0.0
0,helmet,2,0.0
0,helmet,3,0.0
0,helmet,5,0.0
0,helmet,31,0.0
0,helmet,35,0.7810999751091003
0,helmet,47,0.0
0,helmet,40,0.0
1,helmet,1,0.0
1,helmet,2,0.7932000160217285
1,helmet,3,0.0
1,helmet,5,0.0
1,helmet,31,0.0
1,helmet,35,0.0
1,helmet,47,0.0
1,helmet,40,0.0
2,no_helmet,1,0.0
2,no_helmet,2,0.0
2,no_helmet,3,0.0
2,no_helmet,5,0.5163000226020813
2,no_helmet,31,0.0
2,no_helmet,35,0.0
2,no_helmet,47,0.0
2,no_helmet,40,0.0
3,no_helmet,1,0.0
3,no_helmet,2,0.0
3,no_helmet,3,0.0
3,no_helmet,5,0.0
3,no_helmet,31,0.0
3,no_helmet,35,0.0
3,no_helmet,47,0.5656999945640564
3,no_helmet,40,0.0
4,vest,1,0.0
4,vest,2,0.8328999876976013
4,vest,3,0.0
4,vest,5,0.0
4,vest,31,0.0
4,vest,35,0.0
4,vest,47,0.0
4,vest,40,0.0
5,no_helmet,1,0.0
5,no_helmet,2,0.0
5,no_helmet,3,0.5613999962806702
5,no_helmet,5,0.0
5,no_helmet,31,0.0
5,no_helmet,35,0.0
5,no_helmet,47,0.0
5,no_helmet,40,0.0
0,helmet,1,0.0
0,helmet,2,0.0
0,helmet,3,0.0
0,helmet,5,0.0
0,helmet,31,0.0
0,helmet,35,0.7871999740600586
0,helmet,47,0.0
0,helmet,40,0.0
1,helmet,1,0.0
1,helmet,2,0.7965999841690063
1,helmet,3,0.0
1,helmet,5,0.0
1,helmet,31,0.0
1,helmet,35,0.0
1,helmet,47,0.0
1,helmet,40,0.0
2,no_helmet,1,0.0
2,no_helmet,2,0.0
2,no_helmet,3,0.0
2,no_helmet,5,0.5134999752044678
2,no_helmet,31,0.0
2,no_helmet,35,0.0
2,no_helmet,47,0.0
2,no_helmet,40,0.0
3,no_helmet,1,0.0
3,no_helmet,2,0.0
3,no_helmet,3,0.0
3,no_helmet,5,0.0
3,no_helmet,31,0.0
3,no_helmet,35,0.0
3,no_helmet,47,0.5666000247001648
3,no_helmet,40,0.0
4,no_helmet,1,0.5324000120162964
4,no_helmet,2,0.0
4,no_helmet,3,0.0
4,no_helmet,5,0.0
4,no_helmet,31,0.0
4,no_helmet,35,0.0
4,no_helmet,47,0.0
4,no_helmet,40,0.0
5,no_helmet,1,0.0
5,no_helmet,2,0.0
5,no_helmet,3,0.5529000163078308
5,no_helmet,5,0.0
5,no_helmet,31,0.0
5,no_helmet,35,0.0
5,no_helmet,47,0.0
5,no_helmet,40,0.0
0,helmet,1,0.0
0,helmet,2,0.0
0,helmet,3,0.0
0,helmet,5,0.0
0,helmet,31,0.0
0,helmet,35,0.7894999980926514
0,helmet,47,0.0
0,helmet,40,0.0
1,helmet,1,0.0
1,helmet,2,0.7791000008583069
1,helmet,3,0.0
1,helmet,5,0.0
1,helmet,31,0.0
1,helmet,35,0.0
1,helmet,47,0.0
1,helmet,40,0.0
2,no_helmet,1,0.0
2,no_helmet,2,0.0
2,no_helmet,3,0.0
2,no_helmet,5,0.0
2,no_helmet,31,0.0
2,no_helmet,35,0.0
2,no_helmet,47,0.5504000186920166
2,no_helmet,40,0.0
3,no_helmet,1,0.0
3,no_helmet,2,0.0
3,no_helmet,3,0.0
3,no_helmet,5,0.5135999917984009
3,no_helmet,31,0.0
3,no_helmet,35,0.0
3,no_helmet,47,0.0
3,no_helmet,40,0.0
4,no_helmet,1,0.0
4,no_helmet,2,0.0
4,no_helmet,3,0.5547999739646912
4,no_helmet,5,0.0
4,no_helmet,31,0.0
4,no_helmet,35,0.0
4,no_helmet,47,0.0
4,no_helmet,40,0.0
5,no_helmet,1,0.5157999992370605
5,no_helmet,2,0.0
5,no_helmet,3,0.0
5,no_helmet,5,0.0
5,no_helmet,31,0.0
5,no_helmet,35,0.0
5,no_helmet,47,0.0
5,no_helmet,40,0.0
0,helmet,1,0.0
0,helmet,2,0.0
0,helmet,3,0.0
0,helmet,5,0.0
0,helmet,31,0.0
0,helmet,35,0.7950000166893005
0,helmet,47,0.0
0,helmet,40,0.0
1,helmet,1,0.0
1,helmet,2,0.7727000117301941
1,helmet,3,0.0
1,helmet,5,0.0
1,helmet,31,0.0
1,helmet,35,0.0
1,helmet,47,0.0
1,helmet,40,0.0
2,no_helmet,1,0.0
2,no_helmet,2,0.0
2,no_helmet,3,0.0
2,no_helmet,5,0.0
2,no_helmet,31,0.0
2,no_helmet,35,0.0
2,no_helmet,47,0.5325000286102295
2,no_helmet,40,0.0
3,no_helmet,1,0.5127999782562256
3,no_helmet,2,0.0
3,no_helmet,3,0.0
3,no_helmet,5,0.0
3,no_helmet,31,0.0
3,no_helmet,35,0.0
3,no_helmet,47,0.0
3,no_helmet,40,0.0
4,no_helmet,1,0.0
4,no_helmet,2,0.0
4,no_helmet,3,0.0
4,no_helmet,5,0.4848000109195709
4,no_helmet,31,0.0
4,no_helmet,35,0.0
4,no_helmet,47,0.0
4,no_helmet,40,0.0
5,no_helmet,1,0.0
5,no_helmet,2,0.0
5,no_helmet,3,0.5533000230789185
5,no_helmet,5,0.0
5,no_helmet,31,0.0
5,no_helmet,35,0.0
5,no_helmet,47,0.0
5,no_helmet,40,0.0
0,helmet,1,0.0
0,helmet,2,0.0
0,helmet,3,0.0
0,helmet,5,0.0
0,helmet,31,0.0
0,helmet,35,0.8025000095367432
0,helmet,47,0.0
0,helmet,40,0.0
1,helmet,1,0.0
1,helmet,2,0.7835999727249146
1,helmet,3,0.0
1,helmet,5,0.0
1,helmet,31,0.0
1,helmet,35,0.0
1,helmet,47,0.0
1,helmet,40,0.0
2,no_helmet,1,0.0
2,no_helmet,2,0.0
2,no_helmet,3,0.0
2,no_helmet,5,0.0
2,no_helmet,31,0.0
2,no_helmet,35,0.0
2,no_helmet,47,0.5383999943733215
2,no_helmet,40,0.0
3,no_helmet,1,0.0
3,no_helmet,2,0.0
3,no_helmet,3,0.0
3,no_helmet,5,0.4977000057697296
3,no_helmet,31,0.0
3,no_helmet,35,0.0
3,no_helmet,47,0.0
3,no_helmet,40,0.0
4,no_helmet,1,0.5090000033378601
4,no_helmet,2,0.0
4,no_helmet,3,0.0
4,no_helmet,5,0.0
4,no_helmet,31,0.0
4,no_helmet,35,0.0
4,no_helmet,47,0.0
4,no_helmet,40,0.0
5,no_helmet,1,0.0
5,no_helmet,2,0.0
5,no_helmet,3,0.5534999966621399
5,no_helmet,5,0.0
5,no_helmet,31,0.0
5,no_helmet,35,0.0
5,no_helmet,47,0.0
5,no_helmet,40,0.0
0,helmet,1,0.0
0,helmet,2,0.0
0,helmet,3,0.0
0,helmet,5,0.0
0,helmet,31,0.0
0,helmet,35,0.800599992275238
0,helmet,47,0.0
0,helmet,40,0.0
1,helmet,1,0.0
1,helmet,2,0.7713000178337097
1,helmet,3,0.0
1,helmet,5,0.0
1,helmet,31,0.0
1,helmet,35,0.0
1,helmet,47,0.0
1,helmet,40,0.0
2,helmet,1,0.0
2,helmet,2,0.0
2,helmet,3,0.0
2,helmet,5,0.0
2,helmet,31,0.0
2,helmet,35,0.0
2,helmet,47,0.0
2,helmet,40,0.6693000197410583
3,no_helmet,1,0.0
3,no_helmet,2,0.0
3,no_helmet,3,0.0
3,no_helmet,5,0.5289999842643738
3,no_helmet,31,0.0
3,no_helmet,35,0.0
3,no_helmet,47,0.0
3,no_helmet,40,0.0
4,no_helmet,1,0.0
4,no_helmet,2,0.0
4,no_helmet,3,0.0
4,no_helmet,5,0.0
4,no_helmet,31,0.0
4,no_helmet,35,0.0
4,no_helmet,47,0.552299976348877
4,no_helmet,40,0.0
5,no_helmet,1,0.5011000037193298
5,no_helmet,2,0.0
5,no_helmet,3,0.0
5,no_helmet,5,0.0
5,no_helmet,31,0.0
5,no_helmet,35,0.0
5,no_helmet,47,0.0
5,no_helmet,40,0.0
6,no_helmet,1,0.0
6,no_helmet,2,0.0
6,no_helmet,3,0.5482000112533569
6,no_helmet,5,0.0
6,no_helmet,31,0.0
6,no_helmet,35,0.0
6,no_helmet,47,0.0
6,no_helmet,40,0.0
0,helmet,1,0.0
0,helmet,2,0.0
0,helmet,3,0.0
0,helmet,5,0.0
0,helmet,31,0.0
0,helmet,35,0.8126999735832214
0,helmet,47,0.0
0,helmet,40,0.0
1,no_helmet,1,0.0
1,no_helmet,2,0.0
1,no_helmet,3,0.0
1,no_helmet,5,0.5419999957084656
1,no_helmet,31,0.0
1,no_helmet,35,0.0
1,no_helmet,47,0.0
1,no_helmet,40,0.0
2,helmet,1,0.0
2,helmet,2,0.0
2,helmet,3,0.0
2,helmet,5,0.0
2,helmet,31,0.0
2,helmet,35,0.0
2,helmet,47,0.0
2,helmet,40,0.7616999745368958
3,no_helmet,1,0.0
3,no_helmet,2,0.0
3,no_helmet,3,0.0
3,no_helmet,5,0.0
3,no_helmet,31,0.0
3,no_helmet,35,0.0
3,no_helmet,47,0.573199987411499
3,no_helmet,40,0.0
4,no_helmet,1,0.515999972820282
4,no_helmet,2,0.0
4,no_helmet,3,0.0
4,no_helmet,5,0.0
4,no_helmet,31,0.0
4,no_helmet,35,0.0
4,no_helmet,47,0.0
4,no_helmet,40,0.0
0,no_helmet,1,0.0
0,no_helmet,2,0.0
0,no_helmet,3,0.0
0,no_helmet,5,0.5462999939918518
0,no_helmet,31,0.0
0,no_helmet,35,0.0
0,no_helmet,47,0.0
0,no_helmet,40,0.0
0,no_helmet,65,0.0
1,helmet,1,0.0
1,helmet,2,0.0
1,helmet,3,0.0
1,helmet,5,0.0
1,helmet,31,0.0
1,helmet,35,0.8091999888420105
1,helmet,47,0.0
1,helmet,40,0.0
1,helmet,65,0.0
2,helmet,1,0.0
2,helmet,2,0.0
2,helmet,3,0.0
2,helmet,5,0.0
2,helmet,31,0.0
2,helmet,35,0.0
2,helmet,47,0.0
2,helmet,40,0.7389000058174133
2,helmet,65,0.0
3,no_helmet,1,0.0
3,no_helmet,2,0.0
3,no_helmet,3,0.0
3,no_helmet,5,0.0
3,no_helmet,31,0.0
3,no_helmet,35,0.0
3,no_helmet,47,0.5746999979019165
3,no_helmet,40,0.0
3,no_helmet,65,0.0
4,no_helmet,1,0.5266000032424927
4,no_helmet,2,0.0
4,no_helmet,3,0.0
4,no_helmet,5,0.0
4,no_helmet,31,0.0
4,no_helmet,35,0.0
4,no_helmet,47,0.0
4,no_helmet,40,0.0
4,no_helmet,65,0.0
0,no_helmet,1,0.0
0,no_helmet,2,0.0
0,no_helmet,3,0.0
0,no_helmet,5,0.5605000257492065
0,no_helmet,31,0.0
0,no_helmet,35,0.0
0,no_helmet,47,0.0
0,no_helmet,40,0.0
0,no_helmet,65,0.0
1,helmet,1,0.0
1,helmet,2,0.0
1,helmet,3,0.0
1,helmet,5,0.0
1,helmet,31,0.0
1,helmet,35,0.7980999946594238
1,helmet,47,0.0
1,helmet,40,0.0
1,helmet,65,0.0
2,helmet,1,0.0
2,helmet,2,0.7993999719619751
2,helmet,3,0.0
2,helmet,5,0.0
2,helmet,31,0.0
2,helmet,35,0.0
2,helmet,47,0.0
2,helmet,40,0.0
2,helmet,65,0.0
3,no_helmet,1,0.0
3,no_helmet,2,0.0
3,no_helmet,3,0.0
3,no_helmet,5,0.0
3,no_helmet,31,0.0
3,no_helmet,35,0.0
3,no_helmet,47,0.5512999892234802
3,no_helmet,40,0.0
3,no_helmet,65,0.0
4,no_helmet,1,0.5295000076293945
4,no_helmet,2,0.0
4,no_helmet,3,0.0
4,no_helmet,5,0.0
4,no_helmet,31,0.0
4,no_helmet,35,0.0
4,no_helmet,47,0.0
4,no_helmet,40,0.0
4,no_helmet,65,0.0
0,no_helmet,1,0.0
0,no_helmet,2,0.0
0,no_helmet,3,0.0
0,no_helmet,5,0.5726000070571899
0,no_helmet,31,0.0
0,no_helmet,35,0.0
0,no_helmet,47,0.0
0,no_helmet,40,0.0
0,no_helmet,65,0.0
1,helmet,1,0.0
1,helmet,2,0.7947999835014343
1,helmet,3,0.0
1,helmet,5,0.0
1,helmet,31,0.0
1,helmet,35,0.0
1,helmet,47,0.0
1,helmet,40,0.0
1,helmet,65,0.0
2,helmet,1,0.0
2,helmet,2,0.0
2,helmet,3,0.0
2,helmet,5,0.0
2,helmet,31,0.0
2,helmet,35,0.794700026512146
2,helmet,47,0.0
2,helmet,40,0.0
2,helmet,65,0.0
3,no_helmet,1,0.0
3,no_helmet,2,0.0
3,no_helmet,3,0.0
3,no_helmet,5,0.0
3,no_helmet,31,0.0
3,no_helmet,35,0.0
3,no_helmet,47,0.548799991607666
3,no_helmet,40,0.0
3,no_helmet,65,0.0
4,no_helmet,1,0.5267000198364258
4,no_helmet,2,0.0
4,no_helmet,3,0.0
4,no_helmet,5,0.0
4,no_helmet,31,0.0
4,no_helmet,35,0.0
4,no_helmet,47,0.0
4,no_helmet,40,0.0
4,no_helmet,65,0.0
0,helmet,1,0.0
0,helmet,2,0.7876999974250793
0,helmet,3,0.0
0,helmet,5,0.0
0,helmet,31,0.0
0,helmet,35,0.0
0,helmet,47,0.0
0,helmet,40,0.0
0,helmet,65,0.0
1,no_helmet,1,0.0
1,no_helmet,2,0.0
1,no_helmet,3,0.0
1,no_helmet,5,0.5444999933242798
1,no_helmet,31,0.0
1,no_helmet,35,0.0
1,no_helmet,47,0.0
1,no_helmet,40,0.0
1,no_helmet,65,0.0
2,helmet,1,0.0
2,helmet,2,0.0
2,helmet,3,0.0
2,helmet,5,0.0
2,helmet,31,0.0
2,helmet,35,0.7875000238418579
2,helmet,47,0.0
2,helmet,40,0.0
2,helmet,65,0.0
3,no_helmet,1,0.0
3,no_helmet,2,0.0
3,no_helmet,3,0.0
3,no_helmet,5,0.0
3,no_helmet,31,0.0
3,no_helmet,35,0.0
3,no_helmet,47,0.5613999962806702
3,no_helmet,40,0.0
3,no_helmet,65,0.0
4,no_helmet,1,0.5511999726295471
4,no_helmet,2,0.0
4,no_helmet,3,0.0
4,no_helmet,5,0.0
4,no_helmet,31,0.0
4,no_helmet,35,0.0
4,no_helmet,47,0.0
4,no_helmet,40,0.0
4,no_helmet,65,0.0
5,no_helmet,1,0.0
5,no_helmet,2,0.0
5,no_helmet,3,0.5242999792098999
5,no_helmet,5,0.0
5,no_helmet,31,0.0
5,no_helmet,35,0.0
5,no_helmet,47,0.0
5,no_helmet,40,0.0
5,no_helmet,65,0.0
0,helmet,1,0.0
0,helmet,2,0.7736999988555908
0,helmet,3,0.0
0,helmet,5,0.0
0,helmet,31,0.0
0,helmet,35,0.0
0,helmet,47,0.0
0,helmet,40,0.0
0,helmet,65,0.0
1,no_helmet,1,0.0
1,no_helmet,2,0.0
1,no_helmet,3,0.0
1,no_helmet,5,0.5616000294685364
1,no_helmet,31,0.0
1,no_helmet,35,0.0
1,no_helmet,47,0.0
1,no_helmet,40,0.0
1,no_helmet,65,0.0
2,helmet,1,0.0
2,helmet,2,0.0
2,helmet,3,0.0
2,helmet,5,0.0
2,helmet,31,0.0
2,helmet,35,0.7768999934196472
2,helmet,47,0.0
2,helmet,40,0.0
2,helmet,65,0.0
3,helmet,1,0.0
3,helmet,2,0.703000009059906
3,helmet,3,0.0
3,helmet,5,0.0
3,helmet,31,0.0
3,helmet,35,0.0
3,helmet,47,0.0
3,helmet,40,0.0
3,helmet,65,0.0
4,no_helmet,1,0.0
4,no_helmet,2,0.0
4,no_helmet,3,0.0
4,no_helmet,5,0.0
4,no_helmet,31,0.0
4,no_helmet,35,0.0
4,no_helmet,47,0.5555999875068665
4,no_helmet,40,0.0
4,no_helmet,65,0.0
5,no_helmet,1,0.5577999949455261
5,no_helmet,2,0.0
5,no_helmet,3,0.0
5,no_helmet,5,0.0
5,no_helmet,31,0.0
5,no_helmet,35,0.0
5,no_helmet,47,0.0
5,no_helmet,40,0.0
5,no_helmet,65,0.0
0,helmet,1,0.0
0,helmet,2,0.7587000131607056
0,helmet,3,0.0
0,helmet,5,0.0
0,helmet,31,0.0
0,helmet,35,0.0
0,helmet,47,0.0
0,helmet,40,0.0
0,helmet,65,0.0
1,no_helmet,1,0.0
1,no_helmet,2,0.0
1,no_helmet,3,0.0
1,no_helmet,5,0.5561000108718872
1,no_helmet,31,0.0
1,no_helmet,35,0.0
1,no_helmet,47,0.0
1,no_helmet,40,0.0
1,no_helmet,65,0.0
2,helmet,1,0.0
2,helmet,2,0.0
2,helmet,3,0.0
2,helmet,5,0.0
2,helmet,31,0.0
2,helmet,35,0.7728000283241272
2,helmet,47,0.0
2,helmet,40,0.0
2,helmet,65,0.0
3,helmet,1,0.0
3,helmet,2,0.0
3,helmet,3,0.0
3,helmet,5,0.0
3,helmet,31,0.0
3,helmet,35,0.0
3,helmet,47,0.8040000200271606
3,helmet,40,0.0
3,helmet,65,0.0
4,no_helmet,1,0.5547000169754028
4,no_helmet,2,0.0
4,no_helmet,3,0.0
4,no_helmet,5,0.0
4,no_helmet,31,0.0
4,no_helmet,35,0.0
4,no_helmet,47,0.0
4,no_helmet,40,0.0
4,no_helmet,65,0.0
5,no_helmet,1,0.0
5,no_helmet,2,0.0
5,no_helmet,3,0.5317999720573425
5,no_helmet,5,0.0
5,no_helmet,31,0.0
5,no_helmet,35,0.0
5,no_helmet,47,0.0
5,no_helmet,40,0.0
5,no_helmet,65,0.0
0,helmet,1,0.0
0,helmet,2,0.7674999833106995
0,helmet,3,0.0
0,helmet,5,0.0
0,helmet,31,0.0
0,helmet,35,0.0
0,helmet,47,0.0
0,helmet,40,0.0
0,helmet,65,0.0
1,helmet,1,0.0
1,helmet,2,0.6274999976158142
1,helmet,3,0.0
1,helmet,5,0.0
1,helmet,31,0.0
1,helmet,35,0.0
1,helmet,47,0.0
1,helmet,40,0.0
1,helmet,65,0.0
2,helmet,1,0.0
2,helmet,2,0.0
2,helmet,3,0.0
2,helmet,5,0.0
2,helmet,31,0.0
2,helmet,35,0.7815999984741211
2,helmet,47,0.0
2,helmet,40,0.0
2,helmet,65,0.0
3,no_helmet,1,0.0
3,no_helmet,2,0.0
3,no_helmet,3,0.0
3,no_helmet,5,0.5597000122070312
3,no_helmet,31,0.0
3,no_helmet,35,0.0
3,no_helmet,47,0.0
3,no_helmet,40,0.0
3,no_helmet,65,0.0
4,helmet,1,0.0
4,helmet,2,0.0
4,helmet,3,0.0
4,helmet,5,0.0
4,helmet,31,0.0
4,helmet,35,0.0
4,helmet,47,0.8043000102043152
4,helmet,40,0.0
4,helmet,65,0.0
5,no_helmet,1,0.0
5,no_helmet,2,0.0
5,no_helmet,3,0.5356000065803528
5,no_helmet,5,0.0
5,no_helmet,31,0.0
5,no_helmet,35,0.0
5,no_helmet,47,0.0
5,no_helmet,40,0.0
5,no_helmet,65,0.0
6,no_helmet,1,0.546999990940094
6,no_helmet,2,0.0
6,no_helmet,3,0.0
6,no_helmet,5,0.0
6,no_helmet,31,0.0
6,no_helmet,35,0.0
6,no_helmet,47,0.0
6,no_helmet,40,0.0
6,no_helmet,65,0.0
0,helmet,1,0.0
0,helmet,2,0.7817000150680542
0,helmet,3,0.0
0,helmet,5,0.0
0,helmet,31,0.0
0,helmet,35,0.0
0,helmet,47,0.0
0,helmet,40,0.0
0,helmet,65,0.0
1,helmet,1,0.0
1,helmet,2,0.0
1,helmet,3,0.0
1,helmet,5,0.0
1,helmet,31,0.0
1,helmet,35,0.7835000157356262
1,helmet,47,0.0
1,helmet,40,0.0
1,helmet,65,0.0
2,no_helmet,1,0.0
2,no_helmet,2,0.0
2,no_helmet,3,0.0
2,no_helmet,5,0.550599992275238
2,no_helmet,31,0.0
2,no_helmet,35,0.0
2,no_helmet,47,0.0
2,no_helmet,40,0.0
2,no_helmet,65,0.0
3,helmet,1,0.0
3,helmet,2,0.0
3,helmet,3,0.0
3,helmet,5,0.0
3,helmet,31,0.0
3,helmet,35,0.0
3,helmet,47,0.0
3,helmet,40,0.0
3,helmet,65,0.0
4,no_helmet,1,0.0
4,no_helmet,2,0.0
4,no_helmet,3,0.0
4,no_helmet,5,0.0
4,no_helmet,31,0.0
4,no_helmet,35,0.0
4,no_helmet,47,0.5403000116348267
4,no_helmet,40,0.0
4,no_helmet,65,0.0
5,no_helmet,1,0.0
5,no_helmet,2,0.0
5,no_helmet,3,0.5357999801635742
5,no_helmet,5,0.0
5,no_helmet,31,0.0
5,no_helmet,35,0.0
5,no_helmet,47,0.0
5,no_helmet,40,0.0
5,no_helmet,65,0.0
6,no_helmet,1,0.54339998960495
6,no_helmet,2,0.0
6,no_helmet,3,0.0
6,no_helmet,5,0.0
6,no_helmet,31,0.0
6,no_helmet,35,0.0
6,no_helmet,47,0.0
6,no_helmet,40,0.0
6,no_helmet,65,0.0
0,helmet,1,0.0
0,helmet,2,0.0
0,helmet,3,0.0
0,helmet,5,0.0
0,helmet,31,0.0
0,helmet,35,0.7960000038146973
0,helmet,47,0.0
0,helmet,40,0.0
0,helmet,65,0.0
1,helmet,1,0.0
1,helmet,2,0.7904999852180481
1,helmet,3,0.0
1,helmet,5,0.0
1,helmet,31,0.0
1,helmet,35,0.0
1,helmet,47,0.0
1,helmet,40,0.0
1,helmet,65,0.0
2,helmet,1,0.0
2,helmet,2,0.0
2,helmet,3,0.0
2,helmet,5,0.0
2,helmet,31,0.0
2,helmet,35,0.0
2,helmet,47,0.0
2,helmet,40,0.0
2,helmet,65,0.0
3,no_helmet,1,0.0
3,no_helmet,2,0.0
3,no_helmet,3,0.0
3,no_helmet,5,0.0
3,no_helmet,31,0.0
3,no_helmet,35,0.0
3,no_helmet,47,0.5435000061988831
3,no_helmet,40,0.0
3,no_helmet,65,0.0
4,no_helmet,1,0.0
4,no_helmet,2,0.0
4,no_helmet,3,0.0
4,no_helmet,5,0.5575000047683716
4,no_helmet,31,0.0
4,no_helmet,35,0.0
4,no_helmet,47,0.36559998989105225
4,no_helmet,40,0.0
4,no_helmet,65,0.0
5,no_helmet,1,0.0
5,no_helmet,2,0.0
5,no_helmet,3,0.5414999723434448
5,no_helmet,5,0.0
5,no_helmet,31,0.0
5,no_helmet,35,0.0
5,no_helmet,47,0.0
5,no_helmet,40,0.0
5,no_helmet,65,0.0
6,no_helmet,1,0.5504000186920166
6,no_helmet,2,0.0
6,no_helmet,3,0.0
6,no_helmet,5,0.0
6,no_helmet,31,0.0
6,no_helmet,35,0.0
6,no_helmet,47,0.0
6,no_helmet,40,0.0
6,no_helmet,65,0.0
0,helmet,1,0.0
0,helmet,2,0.0
0,helmet,3,0.0
0,helmet,31,0.0
0,helmet,35,0.7980999946594238
0,helmet,47,0.0
0,helmet,40,0.0
0,helmet,65,0.0
1,helmet,1,0.0
1,helmet,2,0.7967000007629395
1,helmet,3,0.0
1,helmet,31,0.0
1,helmet,35,0.0
1,helmet,47,0.0
1,helmet,40,0.0
1,helmet,65,0.0
2,no_helmet,1,0.0
2,no_helmet,2,0.0
2,no_helmet,3,0.0
2,no_helmet,31,0.0
2,no_helmet,35,0.0
2,no_helmet,47,0.5414000153541565
2,no_helmet,40,0.0
2,no_helmet,65,0.0
3,no_helmet,1,0.5435000061988831
3,no_helmet,2,0.0
3,no_helmet,3,0.0
3,no_helmet,31,0.0
3,no_helmet,35,0.0
3,no_helmet,47,0.0
3,no_helmet,40,0.0
3,no_helmet,65,0.0
4,no_helmet,1,0.0
4,no_helmet,2,0.0
4,no_helmet,3,0.0
4,no_helmet,31,0.0
4,no_helmet,35,0.0
4,no_helmet,47,0.476500004529953
4,no_helmet,40,0.0
4,no_helmet,65,0.0
5,no_helmet,1,0.0
5,no_helmet,2,0.0
5,no_helmet,3,0.5386999845504761
5,no_helmet,31,0.0
5,no_helmet,35,0.0
5,no_helmet,47,0.0
5,no_helmet,40,0.0
5,no_helmet,65,0.0
6,no_helmet,1,0.0
6,no_helmet,2,0.0
6,no_helmet,3,0.0
6,no_helmet,31,0.0
6,no_helmet,35,0.0
6,no_helmet,47,0.5776000022888184
6,no_helmet,40,0.0
6,no_helmet,65,0.0
0,helmet,1,0.0
0,helmet,2,0.0
0,helmet,3,0.0
0,helmet,31,0.0
0,helmet,35,0.798799991607666
0,helmet,47,0.0
0,helmet,40,0.0
0,helmet,65,0.0
1,helmet,1,0.0
1,helmet,2,0.8039000034332275
1,helmet,3,0.0
1,helmet,31,0.0
1,helmet,35,0.0
1,helmet,47,0.0
1,helmet,40,0.0
1,helmet,65,0.0
2,no_helmet,1,0.0
2,no_helmet,2,0.0
2,no_helmet,3,0.0
2,no_helmet,31,0.0
2,no_helmet,35,0.0
2,no_helmet,47,0.5331000089645386
2,no_helmet,40,0.0
2,no_helmet,65,0.0
3,no_helmet,1,0.5313000082969666
3,no_helmet,2,0.0
3,no_helmet,3,0.0
3,no_helmet,31,0.0
3,no_helmet,35,0.0
3,no_helmet,47,0.0
3,no_helmet,40,0.0
3,no_helmet,65,0.0
4,no_helmet,1,0.0
4,no_helmet,2,0.0
4,no_helmet,3,0.5530999898910522
4,no_helmet,31,0.0
4,no_helmet,35,0.0
4,no_helmet,47,0.0
4,no_helmet,40,0.0
4,no_helmet,65,0.0
0,helmet,1,0.0
0,helmet,2,0.8008999824523926
0,helmet,3,0.0
0,helmet,31,0.0
0,helmet,35,0.0
0,helmet,47,0.0
0,helmet,40,0.0
0,helmet,65,0.0
1,helmet,1,0.0
1,helmet,2,0.0
1,helmet,3,0.0
1,helmet,31,0.0
1,helmet,35,0.7954999804496765
1,helmet,47,0.0
1,helmet,40,0.0
1,helmet,65,0.0
2,no_helmet,1,0.0
2,no_helmet,2,0.0
2,no_helmet,3,0.0
2,no_helmet,31,0.0
2,no_helmet,35,0.0
2,no_helmet,47,0.5317000150680542
2,no_helmet,40,0.0
2,no_helmet,65,0.0
3,no_helmet,1,0.5239999890327454
3,no_helmet,2,0.0
3,no_helmet,3,0.0
3,no_helmet,31,0.0
3,no_helmet,35,0.0
3,no_helmet,47,0.0
3,no_helmet,40,0.0
3,no_helmet,65,0.0
4,no_helmet,1,0.0
4,no_helmet,2,0.0
4,no_helmet,3,0.564300000667572
4,no_helmet,31,0.0
4,no_helmet,35,0.0
4,no_helmet,47,0.0
4,no_helmet,40,0.0
4,no_helmet,65,0.0
0,helmet,1,0.0
0,helmet,2,0.0
0,helmet,3,0.0
0,helmet,31,0.0
0,helmet,35,0.7892000079154968
0,helmet,47,0.0
0,helmet,40,0.0
0,helmet,65,0.0
1,helmet,1,0.0
1,helmet,2,0.8037999868392944
1,helmet,3,0.0
1,helmet,31,0.0
1,helmet,35,0.0
1,helmet,47,0.0
1,helmet,40,0.0
1,helmet,65,0.0
2,no_helmet,1,0.0
2,no_helmet,2,0.0
2,no_helmet,3,0.0
2,no_helmet,31,0.0
2,no_helmet,35,0.0
2,no_helmet,47,0.5367000102996826
2,no_helmet,40,0.0
2,no_helmet,65,0.0
3,no_helmet,1,0.5271999835968018
3,no_helmet,2,0.0
3,no_helmet,3,0.0
3,no_helmet,31,0.0
3,no_helmet,35,0.0
3,no_helmet,47,0.0
3,no_helmet,40,0.0
3,no_helmet,65,0.0
4,no_helmet,1,0.0
4,no_helmet,2,0.0
4,no_helmet,3,0.5625
4,no_helmet,31,0.0
4,no_helmet,35,0.0
4,no_helmet,47,0.0
4,no_helmet,40,0.0
4,no_helmet,65,0.0
0,helmet,1,0.0
0,helmet,2,0.0
0,helmet,3,0.0
0,helmet,31,0.0
0,helmet,35,0.7878000140190125
0,helmet,47,0.0
0,helmet,40,0.0
0,helmet,65,0.0
1,helmet,1,0.0
1,helmet,2,0.8162000179290771
1,helmet,3,0.0
1,helmet,31,0.0
1,helmet,35,0.0
1,helmet,47,0.0
1,helmet,40,0.0
1,helmet,65,0.0
2,no_helmet,1,0.0
2,no_helmet,2,0.0
2,no_helmet,3,0.0
2,no_helmet,31,0.0
2,no_helmet,35,0.0
2,no_helmet,47,0.5422999858856201
2,no_helmet,40,0.0
2,no_helmet,65,0.0
3,no_helmet,1,0.5325999855995178
3,no_helmet,2,0.0
3,no_helmet,3,0.0
3,no_helmet,31,0.0
3,no_helmet,35,0.0
3,no_helmet,47,0.0
3,no_helmet,40,0.0
3,no_helmet,65,0.0
4,no_helmet,1,0.0
4,no_helmet,2,0.0
4,no_helmet,3,0.557699978351593
4,no_helmet,31,0.0
4,no_helmet,35,0.0
4,no_helmet,47,0.0
4,no_helmet,40,0.0
4,no_helmet,65,0.0
0,helmet,1,0.0
0,helmet,2,0.0
0,helmet,3,0.0
0,helmet,31,0.0
0,helmet,35,0.7890999913215637
0,helmet,47,0.0
0,helmet,40,0.0
0,helmet,65,0.0
0,helmet,12,0.0
1,helmet,1,0.0
1,helmet,2,0.8159999847412109
1,helmet,3,0.0
1,helmet,31,0.0
1,helmet,35,0.0
1,helmet,47,0.0
1,helmet,40,0.0
1,helmet,65,0.0
1,helmet,12,0.0
2,no_helmet,1,0.0
2,no_helmet,2,0.0
2,no_helmet,3,0.0
2,no_helmet,31,0.0
2,no_helmet,35,0.0
2,no_helmet,47,0.5342000126838684
2,no_helmet,40,0.0
2,no_helmet,65,0.0
2,no_helmet,12,0.0
3,helmet,1,0.0
3,helmet,2,0.0
3,helmet,3,0.8258000016212463
3,helmet,31,0.0
3,helmet,35,0.0
3,helmet,47,0.0
3,helmet,40,0.0
3,helmet,65,0.0
3,helmet,12,0.0
4,no_helmet,1,0.5364999771118164
4,no_helmet,2,0.0
4,no_helmet,3,0.0
4,no_helmet,31,0.0
4,no_helmet,35,0.0
4,no_helmet,47,0.0
4,no_helmet,40,0.0
4,no_helmet,65,0.0
4,no_helmet,12,0.0
5,no_helmet,1,0.0
5,no_helmet,2,0.0
5,no_helmet,3,0.5561000108718872
5,no_helmet,31,0.0
5,no_helmet,35,0.0
5,no_helmet,47,0.0
5,no_helmet,40,0.0
5,no_helmet,65,0.0
5,no_helmet,12,0.0
0,helmet,1,0.0
0,helmet,2,0.0
0,helmet,3,0.0
0,helmet,31,0.0
0,helmet,35,0.7950999736785889
0,helmet,47,0.0
0,helmet,40,0.0
0,helmet,65,0.0
0,helmet,12,0.0
1,helmet,1,0.0
1,helmet,2,0.8276000022888184
1,helmet,3,0.0
1,helmet,31,0.0
1,helmet,35,0.0
1,helmet,47,0.0
1,helmet,40,0.0
1,helmet,65,0.0
1,helmet,12,0.0
2,no_helmet,1,0.0
2,no_helmet,2,0.0
2,no_helmet,3,0.0
2,no_helmet,31,0.0
2,no_helmet,35,0.0
2,no_helmet,47,0.5415999889373779
2,no_helmet,40,0.0
2,no_helmet,65,0.0
2,no_helmet,12,0.0
3,no_helmet,1,0.5468000173568726
3,no_helmet,2,0.0
3,no_helmet,3,0.0
3,no_helmet,31,0.0
3,no_helmet,35,0.0
3,no_helmet,47,0.0
3,no_helmet,40,0.0
3,no_helmet,65,0.0
3,no_helmet,12,0.0
4,no_helmet,1,0.0
4,no_helmet,2,0.0
4,no_helmet,3,0.5565999746322632
4,no_helmet,31,0.0
4,no_helmet,35,0.0
4,no_helmet,47,0.0
4,no_helmet,40,0.0
4,no_helmet,65,0.0
4,no_helmet,12,0.0
0,helmet,1,0.0
0,helmet,2,0.0
0,helmet,3,0.0
0,helmet,31,0.0
0,helmet,35,0.795799970626831
0,helmet,47,0.0
0,helmet,40,0.0
0,helmet,65,0.0
0,helmet,12,0.0
1,no_helmet,1,0.0
1,no_helmet,2,0.0
1,no_helmet,3,0.0
1,no_helmet,31,0.0
1,no_helmet,35,0.0
1,no_helmet,47,0.557200014591217
1,no_helmet,40,0.0
1,no_helmet,65,0.0
1,no_helmet,12,0.0
2,helmet,1,0.0
2,helmet,2,0.824400007724762
2,helmet,3,0.0
2,helmet,31,0.0
2,helmet,35,0.0
2,helmet,47,0.0
2,helmet,40,0.0
2,helmet,65,0.0
2,helmet,12,0.0
3,no_helmet,1,0.0
3,no_helmet,2,0.0
3,no_helmet,3,0.5435000061988831
3,no_helmet,31,0.0
3,no_helmet,35,0.0
3,no_helmet,47,0.0
3,no_helmet,40,0.0
3,no_helmet,65,0.0
3,no_helmet,12,0.0
4,no_helmet,1,0.5566999912261963
4,no_helmet,2,0.0
4,no_helmet,3,0.0
4,no_helmet,31,0.0
4,no_helmet,35,0.0
4,no_helmet,47,0.0
4,no_helmet,40,0.0
4,no_helmet,65,0.0
4,no_helmet,12,0.0
0,helmet,1,0.0
0,helmet,2,0.0
0,helmet,3,0.0
0,helmet,31,0.0
0,helmet,35,0.7918999791145325
0,helmet,47,0.0
0,helmet,40,0.0
0,helmet,65,0.0
0,helmet,12,0.0
1,no_helmet,1,0.0
1,no_helmet,2,0.0
1,no_helmet,3,0.0
1,no_helmet,31,0.0
1,no_helmet,35,0.0
1,no_helmet,47,0.5605000257492065
1,no_helmet,40,0.0
1,no_helmet,65,0.0
1,no_helmet,12,0.0
2,no_helmet,1,0.0
2,no_helmet,2,0.0
2,no_helmet,3,0.5406000018119812
2,no_helmet,31,0.0
2,no_helmet,35,0.0
2,no_helmet,47,0.0
2,no_helmet,40,0.0
2,no_helmet,65,0.0
2,no_helmet,12,0.0
0,helmet,1,0.0
0,helmet,2,0.0
0,helmet,3,0.0
0,helmet,31,0.0
0,helmet,35,0.786899983882904
0,helmet,47,0.0
0,helmet,40,0.0
0,helmet,65,0.0
1,no_helmet,1,0.0
1,no_helmet,2,0.0
1,no_helmet,3,0.0
1,no_helmet,31,0.0
1,no_helmet,35,0.0
1,no_helmet,47,0.5582000017166138
1,no_helmet,40,0.0
1,no_helmet,65,0.0
2,no_helmet,1,0.5498999953269958
2,no_helmet,2,0.0
2,no_helmet,3,0.0
2,no_helmet,31,0.0
2,no_helmet,35,0.0
2,no_helmet,47,0.0
2,no_helmet,40,0.0
2,no_helmet,65,0.0
0,helmet,1,0.0
0,helmet,2,0.0
0,helmet,3,0.0
0,helmet,31,0.0
0,helmet,35,0.7814000248908997
0,helmet,47,0.0
0,helmet,40,0.0
0,helmet,65,0.0
1,no_helmet,1,0.0
1,no_helmet,2,0.0
1,no_helmet,3,0.0
1,no_helmet,31,0.0
1,no_helmet,35,0.0
1,no_helmet,47,0.5529000163078308
1,no_helmet,40,0.0
1,no_helmet,65,0.0
2,no_helmet,1,0.5419999957084656
2,no_helmet,2,0.0
2,no_helmet,3,0.0
2,no_helmet,31,0.0
2,no_helmet,35,0.0
2,no_helmet,47,0.0
2,no_helmet,40,0.0
2,no_helmet,65,0.0
0,helmet,1,0.0
0,helmet,2,0.0
0,helmet,3,0.0
0,helmet,31,0.0
0,helmet,35,0.7838000059127808
0,helmet,47,0.0
0,helmet,40,0.0
0,helmet,65,0.0
0,helmet,12,0.0
1,helmet,1,0.7907000184059143
1,helmet,2,0.0
1,helmet,3,0.0
1,helmet,31,0.0
1,helmet,35,0.0
1,helmet,47,0.0
1,helmet,40,0.0
1,helmet,65,0.0
1,helmet,12,0.0
2,helmet,1,0.0
2,helmet,2,0.0
2,helmet,3,0.7888000011444092
2,helmet,31,0.0
2,helmet,35,0.0
2,helmet,47,0.0
2,helmet,40,0.0
2,helmet,65,0.0
2,helmet,12,0.0
3,no_helmet,1,0.0
3,no_helmet,2,0.0
3,no_helmet,3,0.0
3,no_helmet,31,0.0
3,no_helmet,35,0.0
3,no_helmet,47,0.554099977016449
3,no_helmet,40,0.0
3,no_helmet,65,0.0
3,no_helmet,12,0.0
0,helmet,1,0.0
0,helmet,2,0.0
0,helmet,3,0.0
0,helmet,31,0.0
0,helmet,35,0.7878000140190125
0,helmet,47,0.0
0,helmet,40,0.0
0,helmet,65,0.0
0,helmet,12,0.0
1,helmet,1,0.786899983882904
1,helmet,2,0.0
1,helmet,3,0.0
1,helmet,31,0.0
1,helmet,35,0.0
1,helmet,47,0.0
1,helmet,40,0.0
1,helmet,65,0.0
1,helmet,12,0.0
2,no_helmet,1,0.0
2,no_helmet,2,0.0
2,no_helmet,3,0.0
2,no_helmet,31,0.0
2,no_helmet,35,0.0
2,no_helmet,47,0.5511000156402588
2,no_helmet,40,0.0
2,no_helmet,65,0.0
2,no_helmet,12,0.0
0,helmet,1,0.0
0,helmet,2,0.0
0,helmet,3,0.0
0,helmet,31,0.0
0,helmet,35,0.7918999791145325
0,helmet,47,0.0
0,helmet,40,0.0
0,helmet,65,0.0
0,helmet,12,0.0
1,helmet,1,0.7820000052452087
1,helmet,2,0.0
1,helmet,3,0.0
1,helmet,31,0.0
1,helmet,35,0.0
1,helmet,47,0.0
1,helmet,40,0.0
1,helmet,65,0.0
1,helmet,12,0.0
2,no_helmet,1,0.0
2,no_helmet,2,0.0
2,no_helmet,3,0.0
2,no_helmet,31,0.0
2,no_helmet,35,0.0
2,no_helmet,47,0.5410000085830688
2,no_helmet,40,0.0
2,no_helmet,65,0.0
2,no_helmet,12,0.0
3,no_helmet,1,0.0
3,no_helmet,2,0.0
3,no_helmet,3,0.5307000279426575
3,no_helmet,31,0.0
3,no_helmet,35,0.0
3,no_helmet,47,0.0
3,no_helmet,40,0.0
3,no_helmet,65,0.0
3,no_helmet,12,0.0
0,helmet,1,0.0
0,helmet,2,0.0
0,helmet,3,0.0
0,helmet,31,0.0
0,helmet,35,0.796999990940094
0,helmet,47,0.0
0,helmet,40,0.0
0,helmet,65,0.0
0,helmet,12,0.0
1,no_helmet,1,0.0
1,no_helmet,2,0.0
1,no_helmet,3,0.0
1,no_helmet,31,0.0
1,no_helmet,35,0.0
1,no_helmet,47,0.5325000286102295
1,no_helmet,40,0.0
1,no_helmet,65,0.0
1,no_helmet,12,0.0
2,helmet,1,0.0
2,helmet,2,0.7935000061988831
2,helmet,3,0.0
2,helmet,31,0.0
2,helmet,35,0.0
2,helmet,47,0.0
2,helmet,40,0.0
2,helmet,65,0.0
2,helmet,12,0.0
3,no_helmet,1,0.5343000292778015
3,no_helmet,2,0.0
3,no_helmet,3,0.0
3,no_helmet,31,0.0
3,no_helmet,35,0.0
3,no_helmet,47,0.0
3,no_helmet,40,0.0
3,no_helmet,65,0.0
3,no_helmet,12,0.0
4,no_helmet,1,0.0
4,no_helmet,2,0.0
4,no_helmet,3,0.531499981880188
4,no_helmet,31,0.0
4,no_helmet,35,0.0
4,no_helmet,47,0.0
4,no_helmet,40,0.0
4,no_helmet,65,0.0
4,no_helmet,12,0.0
0,helmet,1,0.0
0,helmet,2,0.0
0,helmet,3,0.0
0,helmet,31,0.0
0,helmet,35,0.8015000224113464
0,helmet,47,0.0
0,helmet,40,0.0
0,helmet,65,0.0
1,no_helmet,1,0.0
1,no_helmet,2,0.0
1,no_helmet,3,0.0
1,no_helmet,31,0.0
1,no_helmet,35,0.0
1,no_helmet,47,0.5291000008583069
1,no_helmet,40,0.0
1,no_helmet,65,0.0
2,helmet,1,0.0
2,helmet,2,0.7896999716758728
2,helmet,3,0.0
2,helmet,31,0.0
2,helmet,35,0.0
2,helmet,47,0.0
2,helmet,40,0.0
2,helmet,65,0.0
3,no_helmet,1,0.5286999940872192
3,no_helmet,2,0.0
3,no_helmet,3,0.0
3,no_helmet,31,0.0
3,no_helmet,35,0.0
3,no_helmet,47,0.0
3,no_helmet,40,0.0
3,no_helmet,65,0.0
4,no_helmet,1,0.0
4,no_helmet,2,0.0
4,no_helmet,3,0.545199990272522
4,no_helmet,31,0.0
4,no_helmet,35,0.0
4,no_helmet,47,0.0
4,no_helmet,40,0.0
4,no_helmet,65,0.0
0,helmet,1,0.0
0,helmet,2,0.0
0,helmet,3,0.0
0,helmet,31,0.0
0,helmet,35,0.8101999759674072
0,helmet,47,0.0
0,helmet,40,0.0
0,helmet,65,0.0
1,no_helmet,1,0.0
1,no_helmet,2,0.0
1,no_helmet,3,0.0
1,no_helmet,31,0.0
1,no_helmet,35,0.0
1,no_helmet,47,0.5299999713897705
1,no_helmet,40,0.0
1,no_helmet,65,0.0
2,no_helmet,1,0.5268999934196472
2,no_helmet,2,0.0
2,no_helmet,3,0.0
2,no_helmet,31,0.0
2,no_helmet,35,0.0
2,no_helmet,47,0.0
2,no_helmet,40,0.0
2,no_helmet,65,0.0
3,no_helmet,1,0.0
3,no_helmet,2,0.0
3,no_helmet,3,0.5521000027656555
3,no_helmet,31,0.0
3,no_helmet,35,0.0
3,no_helmet,47,0.0
3,no_helmet,40,0.0
3,no_helmet,65,0.0
0,helmet,1,0.0
0,helmet,2,0.0
0,helmet,3,0.0
0,helmet,31,0.0
0,helmet,35,0.8027999997138977
0,helmet,47,0.0
0,helmet,40,0.0
0,helmet,65,0.0
1,no_helmet,1,0.0
1,no_helmet,2,0.0
1,no_helmet,3,0.0
1,no_helmet,31,0.0
1,no_helmet,35,0.0
1,no_helmet,47,0.5271000266075134
1,no_helmet,40,0.0
1,no_helmet,65,0.0
2,no_helmet,1,0.0
2,no_helmet,2,0.0
2,no_helmet,3,0.5586000084877014
2,no_helmet,31,0.0
2,no_helmet,35,0.0
2,no_helmet,47,0.0
2,no_helmet,40,0.0
2,no_helmet,65,0.0
3,no_helmet,1,0.5281999707221985
3,no_helmet,2,0.0
3,no_helmet,3,0.0
3,no_helmet,31,0.0
3,no_helmet,35,0.0
3,no_helmet,47,0.0
3,no_helmet,40,0.0
3,no_helmet,65,0.0
0,helmet,1,0.0
0,helmet,2,0.0
0,helmet,3,0.0
0,helmet,31,0.0
0,helmet,35,0.8047999739646912
0,helmet,47,0.0
0,helmet,40,0.0
0,helmet,65,0.0
0,helmet,12,0.0
1,no_helmet,1,0.0
1,no_helmet,2,0.0
1,no_helmet,3,0.0
1,no_helmet,31,0.0
1,no_helmet,35,0.0
1,no_helmet,47,0.5511000156402588
1,no_helmet,40,0.0
1,no_helmet,65,0.0
1,no_helmet,12,0.0
2,no_helmet,1,0.5368000268936157
2,no_helmet,2,0.0
2,no_helmet,3,0.0
2,no_helmet,31,0.0
2,no_helmet,35,0.0
2,no_helmet,47,0.0
2,no_helmet,40,0.0
2,no_helmet,65,0.0
2,no_helmet,12,0.0
3,no_helmet,1,0.0
3,no_helmet,2,0.0
3,no_helmet,3,0.5631999969482422
3,no_helmet,31,0.0
3,no_helmet,35,0.0
3,no_helmet,47,0.0
3,no_helmet,40,0.0
3,no_helmet,65,0.0
3,no_helmet,12,0.0
4,no_helmet,1,0.0
4,no_helmet,2,0.5354999899864197
4,no_helmet,3,0.0
4,no_helmet,31,0.0
4,no_helmet,35,0.0
4,no_helmet,47,0.0
4,no_helmet,40,0.0
4,no_helmet,65,0.0
4,no_helmet,12,0.0
0,helmet,1,0.0
0,helmet,2,0.0
0,helmet,3,0.0
0,helmet,31,0.0
0,helmet,35,0.8004999756813049
0,helmet,47,0.0
0,helmet,40,0.0
0,helmet,65,0.0
0,helmet,12,0.0
1,helmet,1,0.0
1,helmet,2,0.0
1,helmet,3,0.8241999745368958
1,helmet,31,0.0
1,helmet,35,0.0
1,helmet,47,0.0
1,helmet,40,0.0
1,helmet,65,0.0
1,helmet,12,0.0
2,helmet,1,0.0
2,helmet,2,0.8029999732971191
2,helmet,3,0.0
2,helmet,31,0.0
2,helmet,35,0.0
2,helmet,47,0.0
2,helmet,40,0.0
2,helmet,65,0.0
2,helmet,12,0.0
3,no_helmet,1,0.0
3,no_helmet,2,0.0
3,no_helmet,3,0.0
3,no_helmet,31,0.0
3,no_helmet,35,0.0
3,no_helmet,47,0.5623999834060669
3,no_helmet,40,0.0
3,no_helmet,65,0.0
3,no_helmet,12,0.0
4,no_helmet,1,0.5440000295639038
4,no_helmet,2,0.0
4,no_helmet,3,0.0
4,no_helmet,31,0.0
4,no_helmet,35,0.0
4,no_helmet,47,0.0
4,no_helmet,40,0.0
4,no_helmet,65,0.0
4,no_helmet,12,0.0
5,no_helmet,1,0.0
5,no_helmet,2,0.0
5,no_helmet,3,0.5544999837875366
5,no_helmet,31,0.0
5,no_helmet,35,0.0
5,no_helmet,47,0.0
5,no_helmet,40,0.0
5,no_helmet,65,0.0
5,no_helmet,12,0.0
6,no_helmet,1,0.0
6,no_helmet,2,0.5490000247955322
6,no_helmet,3,0.0
6,no_helmet,31,0.0
6,no_helmet,35,0.0
6,no_helmet,47,0.0
6,no_helmet,40,0.0
6,no_helmet,65,0.0
6,no_helmet,12,0.0
0,helmet,1,0.0
0,helmet,2,0.0
0,helmet,3,0.0
0,helmet,31,0.0
0,helmet,35,0.79830002784729
0,helmet,47,0.0
0,helmet,40,0.0
0,helmet,65,0.0
0,helmet,12,0.0
1,helmet,1,0.0
1,helmet,2,0.8165000081062317
1,helmet,3,0.0
1,helmet,31,0.0
1,helmet,35,0.0
1,helmet,47,0.0
1,helmet,40,0.0
1,helmet,65,0.0
1,helmet,12,0.0
2,helmet,1,0.0
2,helmet,2,0.0
2,helmet,3,0.8105999827384949
2,helmet,31,0.0
2,helmet,35,0.0
2,helmet,47,0.0
2,helmet,40,0.0
2,helmet,65,0.0
2,helmet,12,0.0
3,no_helmet,1,0.5634999871253967
3,no_helmet,2,0.0
3,no_helmet,3,0.0
3,no_helmet,31,0.0
3,no_helmet,35,0.0
3,no_helmet,47,0.0
3,no_helmet,40,0.0
3,no_helmet,65,0.0
3,no_helmet,12,0.0
4,no_helmet,1,0.0
4,no_helmet,2,0.0
4,no_helmet,3,0.0
4,no_helmet,31,0.0
4,no_helmet,35,0.0
4,no_helmet,47,0.5584999918937683
4,no_helmet,40,0.0
4,no_helmet,65,0.0
4,no_helmet,12,0.0
5,no_helmet,1,0.0
5,no_helmet,2,0.0
5,no_helmet,3,0.5426999926567078
5,no_helmet,31,0.0
5,no_helmet,35,0.0
5,no_helmet,47,0.0
5,no_helmet,40,0.0
5,no_helmet,65,0.0
5,no_helmet,12,0.0
0,helmet,1,0.0
0,helmet,2,0.824400007724762
0,helmet,3,0.0
0,helmet,31,0.0
0,helmet,35,0.0
0,helmet,47,0.0
0,helmet,40,0.0
0,helmet,65,0.0
0,helmet,12,0.0
1,helmet,1,0.0
1,helmet,2,0.0
1,helmet,3,0.0
1,helmet,31,0.0
1,helmet,35,0.7925000190734863
1,helmet,47,0.0
1,helmet,40,0.0
1,helmet,65,0.0
1,helmet,12,0.0
2,helmet,1,0.0
2,helmet,2,0.0
2,helmet,3,0.8022000193595886
2,helmet,31,0.0
2,helmet,35,0.0
2,helmet,47,0.0
2,helmet,40,0.0
2,helmet,65,0.0
2,helmet,12,0.0
3,no_helmet,1,0.555899977684021
3,no_helmet,2,0.0
3,no_helmet,3,0.0
3,no_helmet,31,0.0
3,no_helmet,35,0.0
3,no_helmet,47,0.0
3,no_helmet,40,0.0
3,no_helmet,65,0.0
3,no_helmet,12,0.0
4,no_helmet,1,0.0
4,no_helmet,2,0.0
4,no_helmet,3,0.0
4,no_helmet,31,0.0
4,no_helmet,35,0.0
4,no_helmet,47,0.5577999949455261
4,no_helmet,40,0.0
4,no_helmet,65,0.0
4,no_helmet,12,0.0
5,no_helmet,1,0.0
5,no_helmet,2,0.0
5,no_helmet,3,0.5375999808311462
5,no_helmet,31,0.0
5,no_helmet,35,0.0
5,no_helmet,47,0.0
5,no_helmet,40,0.0
5,no_helmet,65,0.0
5,no_helmet,12,0.0
0,helmet,1,0.0
0,helmet,2,0.0
0,helmet,3,0.0
0,helmet,31,0.0
0,helmet,35,0.7872999906539917
0,helmet,47,0.0
0,helmet,40,0.0
0,helmet,65,0.0
0,helmet,12,0.0
1,no_helmet,1,0.5534999966621399
1,no_helmet,2,0.0
1,no_helmet,3,0.0
1,no_helmet,31,0.0
1,no_helmet,35,0.0
1,no_helmet,47,0.0
1,no_helmet,40,0.0
1,no_helmet,65,0.0
1,no_helmet,12,0.0
2,no_helmet,1,0.0
2,no_helmet,2,0.0
2,no_helmet,3,0.5389999747276306
2,no_helmet,31,0.0
2,no_helmet,35,0.0
2,no_helmet,47,0.0
2,no_helmet,40,0.0
2,no_helmet,65,0.0
2,no_helmet,12,0.0
3,no_helmet,1,0.0
3,no_helmet,2,0.0
3,no_helmet,3,0.0
3,no_helmet,31,0.0
3,no_helmet,35,0.0
3,no_helmet,47,0.5503000020980835
3,no_helmet,40,0.0
3,no_helmet,65,0.0
3,no_helmet,12,0.0
0,helmet,1,0.0
0,helmet,2,0.0
0,helmet,3,0.0
0,helmet,31,0.0
0,helmet,35,0.786899983882904
0,helmet,47,0.0
0,helmet,40,0.0
0,helmet,65,0.0
1,no_helmet,1,0.0
1,no_helmet,2,0.0
1,no_helmet,3,0.0
1,no_helmet,31,0.0
1,no_helmet,35,0.0
1,no_helmet,47,0.5533000230789185
1,no_helmet,40,0.0
1,no_helmet,65,0.0
2,no_helmet,1,0.0
2,no_helmet,2,0.5622000098228455
2,no_helmet,3,0.0
2,no_helmet,31,0.0
2,no_helmet,35,0.0
2,no_helmet,47,0.0
2,no_helmet,40,0.0
2,no_helmet,65,0.0
3,no_helmet,1,0.0
3,no_helmet,2,0.0
3,no_helmet,3,0.5475000143051147
3,no_helmet,31,0.0
3,no_helmet,35,0.0
3,no_helmet,47,0.0
3,no_helmet,40,0.0
3,no_helmet,65,0.0
4,no_helmet,1,0.5583999752998352
4,no_helmet,2,0.0
4,no_helmet,3,0.0
4,no_helmet,31,0.0
4,no_helmet,35,0.0
4,no_helmet,47,0.0
4,no_helmet,40,0.0
4,no_helmet,65,0.0
0,helmet,1,0.0
0,helmet,2,0.0
0,helmet,3,0.0
0,helmet,31,0.0
0,helmet,35,0.7888000011444092
0,helmet,47,0.0
0,helmet,40,0.0
0,helmet,65,0.0
1,no_helmet,1,0.0
1,no_helmet,2,0.0
1,no_helmet,3,0.0
1,no_helmet,31,0.0
1,no_helmet,35,0.0
1,no_helmet,47,0.5351999998092651
1,no_helmet,40,0.0
1,no_helmet,65,0.0
2,no_helmet,1,0.0
2,no_helmet,2,0.5378999710083008
2,no_helmet,3,0.0
2,no_helmet,31,0.0
2,no_helmet,35,0.0
2,no_helmet,47,0.0
2,no_helmet,40,0.0
2,no_helmet,65,0.0
3,no_helmet,1,0.0
3,no_helmet,2,0.0
3,no_helmet,3,0.5766000151634216
3,no_helmet,31,0.0
3,no_helmet,35,0.0
3,no_helmet,47,0.0
3,no_helmet,40,0.0
3,no_helmet,65,0.0
0,helmet,1,0.0
0,helmet,2,0.0
0,helmet,3,0.0
0,helmet,31,0.0
0,helmet,35,0.7979000210762024
0,helmet,47,0.0
0,helmet,40,0.0
0,helmet,65,0.0
1,helmet,1,0.801800012588501
1,helmet,2,0.0
1,helmet,3,0.0
1,helmet,31,0.0
1,helmet,35,0.0
1,helmet,47,0.0
1,helmet,40,0.0
1,helmet,65,0.0
2,no_helmet,1,0.0
2,no_helmet,2,0.0
2,no_helmet,3,0.0
2,no_helmet,31,0.0
2,no_helmet,35,0.0
2,no_helmet,47,0.5177000164985657
2,no_helmet,40,0.0
2,no_helmet,65,0.0
3,no_helmet,1,0.0
3,no_helmet,2,0.0
3,no_helmet,3,0.5777000188827515
3,no_helmet,31,0.0
3,no_helmet,35,0.0
3,no_helmet,47,0.0
3,no_helmet,40,0.0
3,no_helmet,65,0.0
4,no_helmet,1,0.0
4,no_helmet,2,0.5479999780654907
4,no_helmet,3,0.0
4,no_helmet,31,0.0
4,no_helmet,35,0.0
4,no_helmet,47,0.0
4,no_helmet,40,0.0
4,no_helmet,65,0.0
0,helmet,1,0.0
0,helmet,2,0.0
0,helmet,3,0.0
0,helmet,31,0.0
0,helmet,35,0.7954000234603882
0,helmet,47,0.0
0,helmet,40,0.0
0,helmet,65,0.0
1,no_helmet,1,0.0
1,no_helmet,2,0.0
1,no_helmet,3,0.0
1,no_helmet,31,0.0
1,no_helmet,35,0.0
1,no_helmet,47,0.4941999912261963
1,no_helmet,40,0.0
1,no_helmet,65,0.0
2,no_helmet,1,0.0
2,no_helmet,2,0.5453000068664551
2,no_helmet,3,0.0
2,no_helmet,31,0.0
2,no_helmet,35,0.0
2,no_helmet,47,0.0
2,no_helmet,40,0.0
2,no_helmet,65,0.0
3,no_helmet,1,0.0
3,no_helmet,2,0.0
3,no_helmet,3,0.5673999786376953
3,no_helmet,31,0.0
3,no_helmet,35,0.0
3,no_helmet,47,0.0
3,no_helmet,40,0.0
3,no_helmet,65,0.0
4,no_helmet,1,0.0
4,no_helmet,2,0.0
4,no_helmet,3,0.0
4,no_helmet,31,0.0
4,no_helmet,35,0.0
4,no_helmet,47,0.5727999806404114
4,no_helmet,40,0.0
4,no_helmet,65,0.0
0,helmet,1,0.0
0,helmet,2,0.0
0,helmet,3,0.0
0,helmet,31,0.0
0,helmet,35,0.8022000193595886
0,helmet,47,0.0
0,helmet,40,0.0
0,helmet,65,0.0
1,helmet,1,0.0
1,helmet,2,0.802299976348877
1,helmet,3,0.0
1,helmet,31,0.0
1,helmet,35,0.0
1,helmet,47,0.0
1,helmet,40,0.0
1,helmet,65,0.0
2,no_helmet,1,0.0
2,no_helmet,2,0.0
2,no_helmet,3,0.0
2,no_helmet,31,0.0
2,no_helmet,35,0.0
2,no_helmet,47,0.49810001254081726
2,no_helmet,40,0.0
2,no_helmet,65,0.0
3,no_helmet,1,0.0
3,no_helmet,2,0.0
3,no_helmet,3,0.5651000142097473
3,no_helmet,31,0.0
3,no_helmet,35,0.0
3,no_helmet,47,0.0
3,no_helmet,40,0.0
3,no_helmet,65,0.0
4,no_helmet,1,0.0
4,no_helmet,2,0.0
4,no_helmet,3,0.0
4,no_helmet,31,0.0
4,no_helmet,35,0.0
4,no_helmet,47,0.5720000267028809
4,no_helmet,40,0.0
4,no_helmet,65,0.0
5,no_helmet,1,0.0
5,no_helmet,2,0.5368000268936157
5,no_helmet,3,0.0
5,no_helmet,31,0.0
5,no_helmet,35,0.0
5,no_helmet,47,0.0
5,no_helmet,40,0.0
5,no_helmet,65,0.0
0,helmet,1,0.0
0,helmet,2,0.0
0,helmet,3,0.0
0,helmet,31,0.0
0,helmet,35,0.8040000200271606
0,helmet,47,0.0
0,helmet,40,0.0
0,helmet,65,0.0
1,helmet,1,0.0
1,helmet,2,0.8004999756813049
1,helmet,3,0.0
1,helmet,31,0.0
1,helmet,35,0.0
1,helmet,47,0.0
1,helmet,40,0.0
1,helmet,65,0.0
2,no_helmet,1,0.0
2,no_helmet,2,0.0
2,no_helmet,3,0.0
2,no_helmet,31,0.0
2,no_helmet,35,0.0
2,no_helmet,47,0.5130000114440918
2,no_helmet,40,0.0
2,no_helmet,65,0.0
3,no_helmet,1,0.0
3,no_helmet,2,0.0
3,no_helmet,3,0.5516999959945679
3,no_helmet,31,0.0
3,no_helmet,35,0.0
3,no_helmet,47,0.0
3,no_helmet,40,0.0
3,no_helmet,65,0.0
4,no_helmet,1,0.0
4,no_helmet,2,0.0
4,no_helmet,3,0.0
4,no_helmet,31,0.0
4,no_helmet,35,0.0
4,no_helmet,47,0.5684999823570251
4,no_helmet,40,0.0
4,no_helmet,65,0.0
5,no_helmet,1,0.5372999906539917
5,no_helmet,2,0.0
5,no_helmet,3,0.0
5,no_helmet,31,0.0
5,no_helmet,35,0.0
5,no_helmet,47,0.0
5,no_helmet,40,0.0
5,no_helmet,65,0.0
0,helmet,1,0.0
0,helmet,2,0.0
0,helmet,3,0.0
0,helmet,31,0.0
0,helmet,35,0.7994999885559082
0,helmet,47,0.0
0,helmet,40,0.0
0,helmet,65,0.0
1,helmet,1,0.0
1,helmet,2,0.7998999953269958
1,helmet,3,0.0
1,helmet,31,0.0
1,helmet,35,0.0
1,helmet,47,0.0
1,helmet,40,0.0
1,helmet,65,0.0
2,no_helmet,1,0.0
2,no_helmet,2,0.0
2,no_helmet,3,0.0
2,no_helmet,31,0.0
2,no_helmet,35,0.0
2,no_helmet,47,0.5187000036239624
2,no_helmet,40,0.0
2,no_helmet,65,0.0
3,helmet,1,0.7810999751091003
3,helmet,2,0.0
3,helmet,3,0.0
3,helmet,31,0.0
3,helmet,35,0.0
3,helmet,47,0.0
3,helmet,40,0.0
3,helmet,65,0.0
4,no_helmet,1,0.0
4,no_helmet,2,0.0
4,no_helmet,3,0.5569999814033508
4,no_helmet,31,0.0
4,no_helmet,35,0.0
4,no_helmet,47,0.0
4,no_helmet,40,0.0
4,no_helmet,65,0.0
5,no_helmet,1,0.0
5,no_helmet,2,0.0
5,no_helmet,3,0.0
5,no_helmet,31,0.0
5,no_helmet,35,0.0
5,no_helmet,47,0.5648999810218811
5,no_helmet,40,0.0
5,no_helmet,65,0.0
6,no_helmet,1,0.5324000120162964
6,no_helmet,2,0.0
6,no_helmet,3,0.0
6,no_helmet,31,0.0
6,no_helmet,35,0.0
6,no_helmet,47,0.0
6,no_helmet,40,0.0
6,no_helmet,65,0.0
0,helmet,1,0.0
0,helmet,2,0.7980999946594238
0,helmet,3,0.0
0,helmet,31,0.0
0,helmet,35,0.0
0,helmet,47,0.0
0,helmet,40,0.0
0,helmet,65,0.0
1,helmet,1,0.0
1,helmet,2,0.0
1,helmet,3,0.0
1,helmet,31,0.0
1,helmet,35,0.7886999845504761
1,helmet,47,0.0
1,helmet,40,0.0
1,helmet,65,0.0
2,helmet,1,0.7860000133514404
2,helmet,2,0.0
2,helmet,3,0.0
2,helmet,31,0.0
2,helmet,35,0.0
2,helmet,47,0.0
2,helmet,40,0.0
2,helmet,65,0.0
3,no_helmet,1,0.0
3,no_helmet,2,0.0
3,no_helmet,3,0.0
3,no_helmet,31,0.0
3,no_helmet,35,0.0
3,no_helmet,47,0.5210999846458435
3,no_helmet,40,0.0
3,no_helmet,65,0.0
4,no_helmet,1,0.0
4,no_helmet,2,0.0
4,no_helmet,3,0.5637000203132629
4,no_helmet,31,0.0
4,no_helmet,35,0.0
4,no_helmet,47,0.0
4,no_helmet,40,0.0
4,no_helmet,65,0.0
5,no_helmet,1,0.0
5,no_helmet,2,0.0
5,no_helmet,3,0.0
5,no_helmet,31,0.0
5,no_helmet,35,0.0
5,no_helmet,47,0.5613999962806702
5,no_helmet,40,0.0
5,no_helmet,65,0.0
6,no_helmet,1,0.536300003528595
6,no_helmet,2,0.0
6,no_helmet,3,0.0
6,no_helmet,31,0.0
6,no_helmet,35,0.0
6,no_helmet,47,0.0
6,no_helmet,40,0.0
6,no_helmet,65,0.0
0,helmet,1,0.7962999939918518
0,helmet,2,0.0
0,helmet,3,0.0
0,helmet,31,0.0
0,helmet,35,0.0
0,helmet,47,0.0
0,helmet,40,0.0
0,helmet,65,0.0
1,helmet,1,0.0
1,helmet,2,0.0
1,helmet,3,0.0
1,helmet,31,0.0
1,helmet,35,0.7876999974250793
1,helmet,47,0.0
1,helmet,40,0.0
1,helmet,65,0.0
2,no_helmet,1,0.0
2,no_helmet,2,0.0
2,no_helmet,3,0.0
2,no_helmet,31,0.0
2,no_helmet,35,0.0
2,no_helmet,47,0.5314000248908997
2,no_helmet,40,0.0
2,no_helmet,65,0.0
3,helmet,1,0.0
3,helmet,2,0.7897999882698059
3,helmet,3,0.0
3,helmet,31,0.0
3,helmet,35,0.0
3,helmet,47,0.0
3,helmet,40,0.0
3,helmet,65,0.0
4,no_helmet,1,0.0
4,no_helmet,2,0.0
4,no_helmet,3,0.5698000192642212
4,no_helmet,31,0.0
4,no_helmet,35,0.0
4,no_helmet,47,0.0
4,no_helmet,40,0.0
4,no_helmet,65,0.0
5,no_helmet,1,0.0
5,no_helmet,2,0.0
5,no_helmet,3,0.0
5,no_helmet,31,0.0
5,no_helmet,35,0.0
5,no_helmet,47,0.5584999918937683
5,no_helmet,40,0.0
5,no_helmet,65,0.0
6,no_helmet,1,0.0
6,no_helmet,2,0.0
6,no_helmet,3,0.5554999709129333
6,no_helmet,31,0.0
6,no_helmet,35,0.0
6,no_helmet,47,0.0
6,no_helmet,40,0.0
6,no_helmet,65,0.0
7,no_helmet,1,0.0
7,no_helmet,2,0.5389000177383423
7,no_helmet,3,0.0
7,no_helmet,31,0.0
7,no_helmet,35,0.0
7,no_helmet,47,0.0
7,no_helmet,40,0.0
7,no_helmet,65,0.0
0,helmet,1,0.0
0,helmet,2,0.0
0,helmet,3,0.0
0,helmet,31,0.0
0,helmet,35,0.7807000279426575
0,helmet,47,0.0
0,helmet,40,0.0
0,helmet,65,0.0
1,helmet,1,0.0
1,helmet,2,0.7865999937057495
1,helmet,3,0.0
1,helmet,31,0.0
1,helmet,35,0.0
1,helmet,47,0.0
1,helmet,40,0.0
1,helmet,65,0.0
2,no_helmet,1,0.0
2,no_helmet,2,0.0
2,no_helmet,3,0.0
2,no_helmet,31,0.0
2,no_helmet,35,0.0
2,no_helmet,47,0.541100025177002
2,no_helmet,40,0.0
2,no_helmet,65,0.0
3,helmet,1,0.8061000108718872
3,helmet,2,0.0
3,helmet,3,0.0
3,helmet,31,0.0
3,helmet,35,0.0
3,helmet,47,0.0
3,helmet,40,0.0
3,helmet,65,0.0
4,helmet,1,0.0
4,helmet,2,0.0
4,helmet,3,0.0
4,helmet,31,0.0
4,helmet,35,0.0
4,helmet,47,0.0
4,helmet,40,0.0
4,helmet,65,0.0
5,no_helmet,1,0.0
5,no_helmet,2,0.0
5,no_helmet,3,0.0
5,no_helmet,31,0.0
5,no_helmet,35,0.0
5,no_helmet,47,0.5539000034332275
5,no_helmet,40,0.0
5,no_helmet,65,0.0
6,no_helmet,1,0.0
6,no_helmet,2,0.0
6,no_helmet,3,0.5493999719619751
6,no_helmet,31,0.0
6,no_helmet,35,0.0
6,no_helmet,47,0.0
6,no_helmet,40,0.0
6,no_helmet,65,0.0
0,helmet,1,0.0
0,helmet,2,0.0
0,helmet,3,0.0
0,helmet,31,0.0
0,helmet,35,0.7773000001907349
0,helmet,47,0.0
0,helmet,40,0.0
0,helmet,65,0.0
1,helmet,1,0.0
1,helmet,2,0.7857000231742859
1,helmet,3,0.0
1,helmet,31,0.0
1,helmet,35,0.0
1,helmet,47,0.0
1,helmet,40,0.0
1,helmet,65,0.0
2,no_helmet,1,0.0
2,no_helmet,2,0.0
2,no_helmet,3,0.0
2,no_helmet,31,0.0
2,no_helmet,35,0.0
2,no_helmet,47,0.541700005531311
2,no_helmet,40,0.0
2,no_helmet,65,0.0
3,helmet,1,0.0
3,helmet,2,0.0
3,helmet,3,0.0
3,helmet,31,0.0
3,helmet,35,0.0
3,helmet,47,0.0
3,helmet,40,0.0
3,helmet,65,0.0
4,no_helmet,1,0.0
4,no_helmet,2,0.0
4,no_helmet,3,0.0
4,no_helmet,31,0.0
4,no_helmet,35,0.0
4,no_helmet,47,0.5503000020980835
4,no_helmet,40,0.0
4,no_helmet,65,0.0
5,no_helmet,1,0.0
5,no_helmet,2,0.0
5,no_helmet,3,0.5544000267982483
5,no_helmet,31,0.0
5,no_helmet,35,0.0
5,no_helmet,47,0.0
5,no_helmet,40,0.0
5,no_helmet,65,0.0
6,no_helmet,1,0.0
6,no_helmet,2,0.0
6,no_helmet,3,0.0
6,no_helmet,31,0.48510000109672546
6,no_helmet,35,0.0
6,no_helmet,47,0.0
6,no_helmet,40,0.0
6,no_helmet,65,0.0
0,helmet,1,0.0
0,helmet,2,0.0
0,helmet,3,0.0
0,helmet,31,0.0
0,helmet,35,0.781499981880188
0,helmet,47,0.0
0,helmet,40,0.0
0,helmet,65,0.0
1,helmet,1,0.0
1,helmet,2,0.788100004196167
1,helmet,3,0.0
1,helmet,31,0.0
1,helmet,35,0.0
1,helmet,47,0.0
1,helmet,40,0.0
1,helmet,65,0.0
2,helmet,1,0.0
2,helmet,2,0.0
2,helmet,3,0.0
2,helmet,31,0.0
2,helmet,35,0.0
2,helmet,47,0.0
2,helmet,40,0.0
2,helmet,65,0.0
3,no_helmet,1,0.0
3,no_helmet,2,0.0
3,no_helmet,3,0.0
3,no_helmet,31,0.0
3,no_helmet,35,0.0
3,no_helmet,47,0.49000000953674316
3,no_helmet,40,0.0
3,no_helmet,65,0.0
4,helmet,1,0.0
4,helmet,2,0.0
4,helmet,3,0.0
4,helmet,31,0.0
4,helmet,35,0.0
4,helmet,47,0.0
4,helmet,40,0.0
4,helmet,65,0.794700026512146
5,no_helmet,1,0.0
5,no_helmet,2,0.0
5,no_helmet,3,0.0
5,no_helmet,31,0.0
5,no_helmet,35,0.0
5,no_helmet,47,0.5360999703407288
5,no_helmet,40,0.0
5,no_helmet,65,0.0
6,no_helmet,1,0.0
6,no_helmet,2,0.0
6,no_helmet,3,0.0
6,no_helmet,31,0.48910000920295715
6,no_helmet,35,0.0
6,no_helmet,47,0.0
6,no_helmet,40,0.0
6,no_helmet,65,0.0
7,no_helmet,1,0.5612000226974487
7,no_helmet,2,0.0
7,no_helmet,3,0.0
7,no_helmet,31,0.0
7,no_helmet,35,0.0
7,no_helmet,47,0.0
7,no_helmet,40,0.0
7,no_helmet,65,0.0
8,no_helmet,1,0.0
8,no_helmet,2,0.0
8,no_helmet,3,0.5509999990463257
8,no_helmet,31,0.0
8,no_helmet,35,0.0
8,no_helmet,47,0.0
8,no_helmet,40,0.0
8,no_helmet,65,0.0
0,helmet,1,0.0
0,helmet,2,0.7894999980926514
0,helmet,3,0.0
0,helmet,31,0.0
0,helmet,35,0.0
0,helmet,47,0.0
0,helmet,65,0.0
0,helmet,70,0.0
1,helmet,1,0.0
1,helmet,2,0.0
1,helmet,3,0.0
1,helmet,31,0.0
1,helmet,35,0.7860000133514404
1,helmet,47,0.0
1,helmet,65,0.0
1,helmet,70,0.0
2,no_helmet,1,0.0
2,no_helmet,2,0.0
2,no_helmet,3,0.0
2,no_helmet,31,0.0
2,no_helmet,35,0.0
2,no_helmet,47,0.43689998984336853
2,no_helmet,65,0.0
2,no_helmet,70,0.0
3,helmet,1,0.0
3,helmet,2,0.0
3,helmet,3,0.0
3,helmet,31,0.0
3,helmet,35,0.0
3,helmet,47,0.0
3,helmet,65,0.0
3,helmet,70,0.7791000008583069
4,no_helmet,1,0.5633000135421753
4,no_helmet,2,0.0
4,no_helmet,3,0.0
4,no_helmet,31,0.0
4,no_helmet,35,0.0
4,no_helmet,47,0.0
4,no_helmet,65,0.0
4,no_helmet,70,0.0
5,no_helmet,1,0.0
5,no_helmet,2,0.0
5,no_helmet,3,0.0
5,no_helmet,31,0.0
5,no_helmet,35,0.0
5,no_helmet,47,0.5425999760627747
5,no_helmet,65,0.0
5,no_helmet,70,0.0
6,no_helmet,1,0.0
6,no_helmet,2,0.0
6,no_helmet,3,0.0
6,no_helmet,31,0.5078999996185303
6,no_helmet,35,0.0
6,no_helmet,47,0.0
6,no_helmet,65,0.0
6,no_helmet,70,0.0
7,no_helmet,1,0.0
7,no_helmet,2,0.0
7,no_helmet,3,0.5442000031471252
7,no_helmet,31,0.0
7,no_helmet,35,0.0
7,no_helmet,47,0.0
7,no_helmet,65,0.0
7,no_helmet,70,0.0
0,helmet,1,0.0
0,helmet,2,0.7925999760627747
0,helmet,3,0.0
0,helmet,31,0.0
0,helmet,35,0.0
0,helmet,47,0.0
0,helmet,65,0.0
0,helmet,70,0.0
0,helmet,72,0.0
1,no_helmet,1,0.0
1,no_helmet,2,0.0
1,no_helmet,3,0.0
1,no_helmet,31,0.0
1,no_helmet,35,0.0
1,no_helmet,47,0.3919999897480011
1,no_helmet,65,0.0
1,no_helmet,70,0.0
1,no_helmet,72,0.5063999891281128
2,helmet,1,0.0
2,helmet,2,0.0
2,helmet,3,0.0
2,helmet,31,0.0
2,helmet,35,0.0
2,helmet,47,0.0
2,helmet,65,0.0
2,helmet,70,0.7889000177383423
2,helmet,72,0.0
3,helmet,1,0.0
3,helmet,2,0.0
3,helmet,3,0.0
3,helmet,31,0.0
3,helmet,35,0.7742000222206116
3,helmet,47,0.0
3,helmet,65,0.0
3,helmet,70,0.0
3,helmet,72,0.0
4,no_helmet,1,0.0
4,no_helmet,2,0.0
4,no_helmet,3,0.0
4,no_helmet,31,0.0
4,no_helmet,35,0.0
4,no_helmet,47,0.5515999794006348
4,no_helmet,65,0.0
4,no_helmet,70,0.0
4,no_helmet,72,0.0
5,no_helmet,1,0.5561000108718872
5,no_helmet,2,0.0
5,no_helmet,3,0.0
5,no_helmet,31,0.0
5,no_helmet,35,0.0
5,no_helmet,47,0.0
5,no_helmet,65,0.0
5,no_helmet,70,0.0
5,no_helmet,72,0.0
6,no_helmet,1,0.0
6,no_helmet,2,0.0
6,no_helmet,3,0.545199990272522
6,no_helmet,31,0.0
6,no_helmet,35,0.0
6,no_helmet,47,0.0
6,no_helmet,65,0.0
6,no_helmet,70,0.0
6,no_helmet,72,0.0
7,no_helmet,1,0.0
7,no_helmet,2,0.0
7,no_helmet,3,0.0
7,no_helmet,31,0.5268999934196472
7,no_helmet,35,0.0
7,no_helmet,47,0.0
7,no_helmet,65,0.0
7,no_helmet,70,0.0
7,no_helmet,72,0.0
0,no_helmet,1,0.0
0,no_helmet,2,0.0
0,no_helmet,3,0.0
0,no_helmet,31,0.0
0,no_helmet,35,0.0
0,no_helmet,47,0.3549000024795532
0,no_helmet,65,0.0
0,no_helmet,70,0.0
0,no_helmet,72,0.5059999823570251
1,helmet,1,0.0
1,helmet,2,0.7897999882698059
1,helmet,3,0.0
1,helmet,31,0.0
1,helmet,35,0.0
1,helmet,47,0.0
1,helmet,65,0.0
1,helmet,70,0.0
1,helmet,72,0.0
2,helmet,1,0.0
2,helmet,2,0.0
2,helmet,3,0.0
2,helmet,31,0.0
2,helmet,35,0.7868000268936157
2,helmet,47,0.0
2,helmet,65,0.0
2,helmet,70,0.0
2,helmet,72,0.0
3,helmet,1,0.0
3,helmet,2,0.0
3,helmet,3,0.0
3,helmet,31,0.0
3,helmet,35,0.0
3,helmet,47,0.0
3,helmet,65,0.0
3,helmet,70,0.8004000186920166
3,helmet,72,0.0
4,no_helmet,1,0.0
4,no_helmet,2,0.0
4,no_helmet,3,0.0
4,no_helmet,31,0.0
4,no_helmet,35,0.0
4,no_helmet,47,0.5389999747276306
4,no_helmet,65,0.0
4,no_helmet,70,0.0
4,no_helmet,72,0.0
5,no_helmet,1,0.5403000116348267
5,no_helmet,2,0.0
5,no_helmet,3,0.0
5,no_helmet,31,0.0
5,no_helmet,35,0.0
5,no_helmet,47,0.0
5,no_helmet,65,0.0
5,no_helmet,70,0.0
5,no_helmet,72,0.0
6,no_helmet,1,0.0
6,no_helmet,2,0.0
6,no_helmet,3,0.5339999794960022
6,no_helmet,31,0.0
6,no_helmet,35,0.0
6,no_helmet,47,0.0
6,no_helmet,65,0.0
6,no_helmet,70,0.0
6,no_helmet,72,0.0
7,no_helmet,1,0.0
7,no_helmet,2,0.5339000225067139
7,no_helmet,3,0.0
7,no_helmet,31,0.0
7,no_helmet,35,0.0
7,no_helmet,47,0.0
7,no_helmet,65,0.0
7,no_helmet,70,0.0
7,no_helmet,72,0.0
0,no_helmet,1,0.0
0,no_helmet,2,0.0
0,no_helmet,3,0.0
0,no_helmet,31,0.0
0,no_helmet,35,0.0
0,no_helmet,47,0.3287000060081482
0,no_helmet,65,0.0
0,no_helmet,70,0.0
0,no_helmet,72,0.5058000087738037
1,helmet,1,0.0
1,helmet,2,0.7906000018119812
1,helmet,3,0.0
1,helmet,31,0.0
1,helmet,35,0.0
1,helmet,47,0.0
1,helmet,65,0.0
1,helmet,70,0.0
1,helmet,72,0.0
2,helmet,1,0.0
2,helmet,2,0.0
2,helmet,3,0.0
2,helmet,31,0.0
2,helmet,35,0.8001000285148621
2,helmet,47,0.0
2,helmet,65,0.0
2,helmet,70,0.0
2,helmet,72,0.0
3,no_helmet,1,0.0
3,no_helmet,2,0.0
3,no_helmet,3,0.0
3,no_helmet,31,0.0
3,no_helmet,35,0.0
3,no_helmet,47,0.5235000252723694
3,no_helmet,65,0.0
3,no_helmet,70,0.0
3,no_helmet,72,0.0
4,no_helmet,1,0.5415999889373779
4,no_helmet,2,0.0
4,no_helmet,3,0.0
4,no_helmet,31,0.0
4,no_helmet,35,0.0
4,no_helmet,47,0.0
4,no_helmet,65,0.0
4,no_helmet,70,0.0
4,no_helmet,72,0.0
5,no_helmet,1,0.0
5,no_helmet,2,0.0
5,no_helmet,3,0.5479999780654907
5,no_helmet,31,0.0
5,no_helmet,35,0.0
5,no_helmet,47,0.0
5,no_helmet,65,0.0
5,no_helmet,70,0.0
5,no_helmet,72,0.0
6,no_helmet,1,0.0
6,no_helmet,2,0.536300003528595
6,no_helmet,3,0.0
6,no_helmet,31,0.0
6,no_helmet,35,0.0
6,no_helmet,47,0.0
6,no_helmet,65,0.0
6,no_helmet,70,0.0
6,no_helmet,72,0.0
0,helmet,1,0.0
0,helmet,2,0.795199990272522
0,helmet,3,0.0
0,helmet,31,0.0
0,helmet,35,0.0
0,helmet,47,0.0
0,helmet,65,0.0
0,helmet,70,0.0
0,helmet,72,0.0
1,no_helmet,1,0.0
1,no_helmet,2,0.0
1,no_helmet,3,0.0
1,no_helmet,31,0.0
1,no_helmet,35,0.0
1,no_helmet,47,0.0
1,no_helmet,65,0.0
1,no_helmet,70,0.0
1,no_helmet,72,0.4970000088214874
2,helmet,1,0.0
2,helmet,2,0.0
2,helmet,3,0.0
2,helmet,31,0.0
2,helmet,35,0.7997000217437744
2,helmet,47,0.0
2,helmet,65,0.0
2,helmet,70,0.0
2,helmet,72,0.0
3,no_helmet,1,0.0
3,no_helmet,2,0.0
3,no_helmet,3,0.0
3,no_helmet,31,0.0
3,no_helmet,35,0.0
3,no_helmet,47,0.5297999978065491
3,no_helmet,65,0.0
3,no_helmet,70,0.0
3,no_helmet,72,0.0
4,no_helmet,1,0.5393999814987183
4,no_helmet,2,0.0
4,no_helmet,3,0.0
4,no_helmet,31,0.0
4,no_helmet,35,0.0
4,no_helmet,47,0.0
4,no_helmet,65,0.0
4,no_helmet,70,0.0
4,no_helmet,72,0.0
5,no_helmet,1,0.0
5,no_helmet,2,0.0
5,no_helmet,3,0.5630000233650208
5,no_helmet,31,0.0
5,no_helmet,35,0.0
5,no_helmet,47,0.0
5,no_helmet,65,0.0
5,no_helmet,70,0.0
5,no_helmet,72,0.0
0,helmet,1,0.0
0,helmet,2,0.7950000166893005
0,helmet,3,0.0
0,helmet,31,0.0
0,helmet,35,0.0
0,helmet,47,0.0
0,helmet,65,0.0
0,helmet,70,0.0
0,helmet,72,0.0
1,helmet,1,0.0
1,helmet,2,0.0
1,helmet,3,0.0
1,helmet,31,0.0
1,helmet,35,0.8001000285148621
1,helmet,47,0.0
1,helmet,65,0.0
1,helmet,70,0.0
1,helmet,72,0.0
2,no_helmet,1,0.0
2,no_helmet,2,0.0
2,no_helmet,3,0.0
2,no_helmet,31,0.0
2,no_helmet,35,0.0
2,no_helmet,47,0.5412999987602234
2,no_helmet,65,0.0
2,no_helmet,70,0.0
2,no_helmet,72,0.0
3,no_helmet,1,0.0
3,no_helmet,2,0.0
3,no_helmet,3,0.0
3,no_helmet,31,0.0
3,no_helmet,35,0.0
3,no_helmet,47,0.0
3,no_helmet,65,0.0
3,no_helmet,70,0.0
3,no_helmet,72,0.4973999857902527
4,no_helmet,1,0.0
4,no_helmet,2,0.0
4,no_helmet,3,0.5601000189781189
4,no_helmet,31,0.0
4,no_helmet,35,0.0
4,no_helmet,47,0.0
4,no_helmet,65,0.0
4,no_helmet,70,0.0
4,no_helmet,72,0.0
5,no_helmet,1,0.5372999906539917
5,no_helmet,2,0.0
5,no_helmet,3,0.0
5,no_helmet,31,0.0
5,no_helmet,35,0.0
5,no_helmet,47,0.0
5,no_helmet,65,0.0
5,no_helmet,70,0.0
5,no_helmet,72,0.0
0,helmet,1,0.0
0,helmet,2,0.7930999994277954
0,helmet,3,0.0
0,helmet,31,0.0
0,helmet,35,0.0
0,helmet,47,0.0
0,helmet,65,0.0
0,helmet,70,0.0
0,helmet,72,0.0
1,no_helmet,1,0.0
1,no_helmet,2,0.0
1,no_helmet,3,0.0
1,no_helmet,31,0.0
1,no_helmet,35,0.0
1,no_helmet,47,0.5475999712944031
1,no_helmet,65,0.0
1,no_helmet,70,0.0
1,no_helmet,72,0.0
2,helmet,1,0.0
2,helmet,2,0.0
2,helmet,3,0.0
2,helmet,31,0.0
2,helmet,35,0.7908999919891357
2,helmet,47,0.0
2,helmet,65,0.0
2,helmet,70,0.0
2,helmet,72,0.0
3,helmet,1,0.0
3,helmet,2,0.0
3,helmet,3,0.0
3,helmet,31,0.0
3,helmet,35,0.0
3,helmet,47,0.0
3,helmet,65,0.0
3,helmet,70,0.7760000228881836
3,helmet,72,0.0
4,no_helmet,1,0.0
4,no_helmet,2,0.0
4,no_helmet,3,0.0
4,no_helmet,31,0.0
4,no_helmet,35,0.0
4,no_helmet,47,0.0
4,no_helmet,65,0.0
4,no_helmet,70,0.0
4,no_helmet,72,0.5019999742507935
5,no_helmet,1,0.0
5,no_helmet,2,0.0
5,no_helmet,3,0.5561000108718872
5,no_helmet,31,0.0
5,no_helmet,35,0.0
5,no_helmet,47,0.0
5,no_helmet,65,0.0
5,no_helmet,70,0.0
5,no_helmet,72,0.0
0,helmet,1,0.0
0,helmet,2,0.7896999716758728
0,helmet,3,0.0
0,helmet,31,0.0
0,helmet,35,0.0
0,helmet,47,0.0
0,helmet,65,0.0
0,helmet,70,0.0
0,helmet,72,0.0
1,no_helmet,1,0.0
1,no_helmet,2,0.0
1,no_helmet,3,0.0
1,no_helmet,31,0.0
1,no_helmet,35,0.0
1,no_helmet,47,0.5473999977111816
1,no_helmet,65,0.0
1,no_helmet,70,0.0
1,no_helmet,72,0.0
2,helmet,1,0.0
2,helmet,2,0.0
2,helmet,3,0.0
2,helmet,31,0.0
2,helmet,35,0.7971000075340271
2,helmet,47,0.0
2,helmet,65,0.0
2,helmet,70,0.0
2,helmet,72,0.0
3,helmet,1,0.0
3,helmet,2,0.0
3,helmet,3,0.0
3,helmet,31,0.0
3,helmet,35,0.0
3,helmet,47,0.0
3,helmet,65,0.0
3,helmet,70,0.7520999908447266
3,helmet,72,0.0
4,helmet,1,0.7788000106811523
4,helmet,2,0.0
4,helmet,3,0.0
4,helmet,31,0.0
4,helmet,35,0.0
4,helmet,47,0.0
4,helmet,65,0.0
4,helmet,70,0.0
4,helmet,72,0.0
5,no_helmet,1,0.0
5,no_helmet,2,0.0
5,no_helmet,3,0.0
5,no_helmet,31,0.0
5,no_helmet,35,0.0
5,no_helmet,47,0.0
5,no_helmet,65,0.0
5,no_helmet,70,0.0
5,no_helmet,72,0.5080999732017517
6,no_helmet,1,0.0
6,no_helmet,2,0.0
6,no_helmet,3,0.555400013923645
6,no_helmet,31,0.0
6,no_helmet,35,0.0
6,no_helmet,47,0.0
6,no_helmet,65,0.0
6,no_helmet,70,0.0
6,no_helmet,72,0.0
0,helmet,1,0.0
0,helmet,2,0.7914000153541565
0,helmet,3,0.0
0,helmet,31,0.0
0,helmet,35,0.0
0,helmet,47,0.0
0,helmet,65,0.0
0,helmet,70,0.0
0,helmet,72,0.0
1,helmet,1,0.0
1,helmet,2,0.0
1,helmet,3,0.0
1,helmet,31,0.0
1,helmet,35,0.7998999953269958
1,helmet,47,0.0
1,helmet,65,0.0
1,helmet,70,0.0
1,helmet,72,0.0
2,no_helmet,1,0.0
2,no_helmet,2,0.0
2,no_helmet,3,0.0
2,no_helmet,31,0.0
2,no_helmet,35,0.0
2,no_helmet,47,0.5432999730110168
2,no_helmet,65,0.0
2,no_helmet,70,0.0
2,no_helmet,72,0.0
3,helmet,1,0.0
3,helmet,2,0.0
3,helmet,3,0.0
3,helmet,31,0.0
3,helmet,35,0.0
3,helmet,47,0.0
3,helmet,65,0.0
3,helmet,70,0.7555999755859375
3,helmet,72,0.0
4,no_helmet,1,0.0
4,no_helmet,2,0.0
4,no_helmet,3,0.0
4,no_helmet,31,0.0
4,no_helmet,35,0.0
4,no_helmet,47,0.0
4,no_helmet,65,0.0
4,no_helmet,70,0.0
4,no_helmet,72,0.5195000171661377
5,helmet,1,0.7914999723434448
5,helmet,2,0.0
5,helmet,3,0.0
5,helmet,31,0.0
5,helmet,35,0.0
5,helmet,47,0.0
5,helmet,65,0.0
5,helmet,70,0.0
5,helmet,72,0.0
6,no_helmet,1,0.0
6,no_helmet,2,0.0
6,no_helmet,3,0.0
6,no_helmet,31,0.5407999753952026
6,no_helmet,35,0.0
6,no_helmet,47,0.0
6,no_helmet,65,0.0
6,no_helmet,70,0.0
6,no_helmet,72,0.0
0,helmet,1,0.0
0,helmet,2,0.0
0,helmet,3,0.0
0,helmet,31,0.0
0,helmet,35,0.7936000227928162
0,helmet,47,0.0
0,helmet,65,0.0
0,helmet,70,0.0
0,helmet,72,0.0
1,helmet,1,0.0
1,helmet,2,0.7803000211715698
1,helmet,3,0.0
1,helmet,31,0.0
1,helmet,35,0.0
1,helmet,47,0.0
1,helmet,65,0.0
1,helmet,70,0.0
1,helmet,72,0.0
2,helmet,1,0.0
2,helmet,2,0.0
2,helmet,3,0.0
2,helmet,31,0.0
2,helmet,35,0.0
2,helmet,47,0.0
2,helmet,65,0.0
2,helmet,70,0.762499988079071
2,helmet,72,0.0
3,no_helmet,1,0.0
3,no_helmet,2,0.0
3,no_helmet,3,0.0
3,no_helmet,31,0.0
3,no_helmet,35,0.0
3,no_helmet,47,0.0
3,no_helmet,65,0.0
3,no_helmet,70,0.0
3,no_helmet,72,0.5223000049591064
4,no_helmet,1,0.0
4,no_helmet,2,0.0
4,no_helmet,3,0.0
4,no_helmet,31,0.0
4,no_helmet,35,0.0
4,no_helmet,47,0.542900025844574
4,no_helmet,65,0.0
4,no_helmet,70,0.0
4,no_helmet,72,0.0
5,no_helmet,1,0.5163000226020813
5,no_helmet,2,0.0
5,no_helmet,3,0.0
5,no_helmet,31,0.0
5,no_helmet,35,0.0
5,no_helmet,47,0.0
5,no_helmet,65,0.0
5,no_helmet,70,0.0
5,no_helmet,72,0.0
6,no_helmet,1,0.0
6,no_helmet,2,0.0
6,no_helmet,3,0.5569000244140625
6,no_helmet,31,0.0
6,no_helmet,35,0.0
6,no_helmet,47,0.0
6,no_helmet,65,0.0
6,no_helmet,70,0.0
6,no_helmet,72,0.0
0,helmet,1,0.0
0,helmet,2,0.0
0,helmet,3,0.0
0,helmet,31,0.0
0,helmet,35,0.7883999943733215
0,helmet,47,0.0
0,helmet,65,0.0
0,helmet,70,0.0
0,helmet,72,0.0
1,no_helmet,1,0.0
1,no_helmet,2,0.0
1,no_helmet,3,0.0
1,no_helmet,31,0.0
1,no_helmet,35,0.0
1,no_helmet,47,0.5424000024795532
1,no_helmet,65,0.0
1,no_helmet,70,0.0
1,no_helmet,72,0.0
2,helmet,1,0.0
2,helmet,2,0.0
2,helmet,3,0.0
2,helmet,31,0.0
2,helmet,35,0.0
2,helmet,47,0.0
2,helmet,65,0.0
2,helmet,70,0.7458000183105469
2,helmet,72,0.0
3,helmet,1,0.0
3,helmet,2,0.7774999737739563
3,helmet,3,0.0
3,helmet,31,0.0
3,helmet,35,0.0
3,helmet,47,0.0
3,helmet,65,0.0
3,helmet,70,0.0
3,helmet,72,0.0
4,no_helmet,1,0.0
4,no_helmet,2,0.0
4,no_helmet,3,0.0
4,no_helmet,31,0.0
4,no_helmet,35,0.0
4,no_helmet,47,0.0
4,no_helmet,65,0.0
4,no_helmet,70,0.0
4,no_helmet,72,0.5148000121116638
5,no_helmet,1,0.5514000058174133
5,no_helmet,2,0.0
5,no_helmet,3,0.0
5,no_helmet,31,0.0
5,no_helmet,35,0.0
5,no_helmet,47,0.0
5,no_helmet,65,0.0
5,no_helmet,70,0.0
5,no_helmet,72,0.0
6,no_helmet,1,0.0
6,no_helmet,2,0.0
6,no_helmet,3,0.5633999705314636
6,no_helmet,31,0.0
6,no_helmet,35,0.0
6,no_helmet,47,0.0
6,no_helmet,65,0.0
6,no_helmet,70,0.0
6,no_helmet,72,0.0
0,helmet,1,0.0
0,helmet,2,0.0
0,helmet,3,0.0
0,helmet,31,0.0
0,helmet,35,0.7857999801635742
0,helmet,47,0.0
0,helmet,65,0.0
0,helmet,70,0.0
0,helmet,72,0.0
1,helmet,1,0.0
1,helmet,2,0.7756999731063843
1,helmet,3,0.0
1,helmet,31,0.0
1,helmet,35,0.0
1,helmet,47,0.0
1,helmet,65,0.0
1,helmet,70,0.0
1,helmet,72,0.0
2,helmet,1,0.0
2,helmet,2,0.0
2,helmet,3,0.0
2,helmet,31,0.0
2,helmet,35,0.0
2,helmet,47,0.0
2,helmet,65,0.0
2,helmet,70,0.757099986076355
2,helmet,72,0.0
3,no_helmet,1,0.0
3,no_helmet,2,0.0
3,no_helmet,3,0.0
3,no_helmet,31,0.0
3,no_helmet,35,0.0
3,no_helmet,47,0.0
3,no_helmet,65,0.0
3,no_helmet,70,0.0
3,no_helmet,72,0.5063999891281128
4,no_helmet,1,0.5623999834060669
4,no_helmet,2,0.0
4,no_helmet,3,0.0
4,no_helmet,31,0.0
4,no_helmet,35,0.0
4,no_helmet,47,0.0
4,no_helmet,65,0.0
4,no_helmet,70,0.0
4,no_helmet,72,0.0
5,no_helmet,1,0.0
5,no_helmet,2,0.0
5,no_helmet,3,0.0
5,no_helmet,31,0.0
5,no_helmet,35,0.0
5,no_helmet,47,0.5386999845504761
5,no_helmet,65,0.0
5,no_helmet,70,0.0
5,no_helmet,72,0.0
6,no_helmet,1,0.0
6,no_helmet,2,0.0
6,no_helmet,3,0.5601999759674072
6,no_helmet,31,0.0
6,no_helmet,35,0.0
6,no_helmet,47,0.0
6,no_helmet,65,0.0
6,no_helmet,70,0.0
6,no_helmet,72,0.0
0,helmet,1,0.0
0,helmet,2,0.0
0,helmet,3,0.0
0,helmet,31,0.0
0,helmet,35,0.7843000292778015
0,helmet,47,0.0
0,helmet,65,0.0
0,helmet,70,0.0
0,helmet,72,0.0
1,helmet,1,0.0
1,helmet,2,0.7878000140190125
1,helmet,3,0.0
1,helmet,31,0.0
1,helmet,35,0.0
1,helmet,47,0.0
1,helmet,65,0.0
1,helmet,70,0.0
1,helmet,72,0.0
2,no_helmet,1,0.0
2,no_helmet,2,0.0
2,no_helmet,3,0.0
2,no_helmet,31,0.0
2,no_helmet,35,0.0
2,no_helmet,47,0.0
2,no_helmet,65,0.0
2,no_helmet,70,0.0
2,no_helmet,72,0.510699987411499
3,no_helmet,1,0.0
3,no_helmet,2,0.0
3,no_helmet,3,0.0
3,no_helmet,31,0.0
3,no_helmet,35,0.0
3,no_helmet,47,0.5370000004768372
3,no_helmet,65,0.0
3,no_helmet,70,0.0
3,no_helmet,72,0.0
4,no_helmet,1,0.5669999718666077
4,no_helmet,2,0.0
4,no_helmet,3,0.0
4,no_helmet,31,0.0
4,no_helmet,35,0.0
4,no_helmet,47,0.0
4,no_helmet,65,0.0
4,no_helmet,70,0.0
4,no_helmet,72,0.0
5,no_helmet,1,0.0
5,no_helmet,2,0.0
5,no_helmet,3,0.5615000128746033
5,no_helmet,31,0.0
5,no_helmet,35,0.0
5,no_helmet,47,0.0
5,no_helmet,65,0.0
5,no_helmet,70,0.0
5,no_helmet,72,0.0
0,helmet,1,0.0
0,helmet,2,0.0
0,helmet,3,0.0
0,helmet,31,0.0
0,helmet,35,0.7829999923706055
0,helmet,47,0.0
0,helmet,65,0.0
0,helmet,70,0.0
0,helmet,72,0.0
1,helmet,1,0.0
1,helmet,2,0.784600019454956
1,helmet,3,0.0
1,helmet,31,0.0
1,helmet,35,0.0
1,helmet,47,0.0
1,helmet,65,0.0
1,helmet,70,0.0
1,helmet,72,0.0
2,no_helmet,1,0.0
2,no_helmet,2,0.0
2,no_helmet,3,0.0
2,no_helmet,31,0.0
2,no_helmet,35,0.0
2,no_helmet,47,0.5314000248908997
2,no_helmet,65,0.0
2,no_helmet,70,0.0
2,no_helmet,72,0.0
3,no_helmet,1,0.5665000081062317
3,no_helmet,2,0.0
3,no_helmet,3,0.0
3,no_helmet,31,0.0
3,no_helmet,35,0.0
3,no_helmet,47,0.0
3,no_helmet,65,0.0
3,no_helmet,70,0.0
3,no_helmet,72,0.0
4,no_helmet,1,0.0
4,no_helmet,2,0.0
4,no_helmet,3,0.0
4,no_helmet,31,0.0
4,no_helmet,35,0.0
4,no_helmet,47,0.0
4,no_helmet,65,0.0
4,no_helmet,70,0.0
4,no_helmet,72,0.5134999752044678
5,no_helmet,1,0.0
5,no_helmet,2,0.0
5,no_helmet,3,0.5501000285148621
5,no_helmet,31,0.0
5,no_helmet,35,0.0
5,no_helmet,47,0.0
5,no_helmet,65,0.0
5,no_helmet,70,0.0
5,no_helmet,72,0.0
0,helmet,1,0.0
0,helmet,2,0.0
0,helmet,3,0.0
0,helmet,31,0.0
0,helmet,35,0.7861999869346619
0,helmet,47,0.0
0,helmet,65,0.0
0,helmet,70,0.0
0,helmet,72,0.0
1,helmet,1,0.0
1,helmet,2,0.7925000190734863
1,helmet,3,0.0
1,helmet,31,0.0
1,helmet,35,0.0
1,helmet,47,0.0
1,helmet,65,0.0
1,helmet,70,0.0
1,helmet,72,0.0
2,no_helmet,1,0.5649999976158142
2,no_helmet,2,0.0
2,no_helmet,3,0.0
2,no_helmet,31,0.0
2,no_helmet,35,0.0
2,no_helmet,47,0.0
2,no_helmet,65,0.0
2,no_helmet,70,0.0
2,no_helmet,72,0.0
3,no_helmet,1,0.0
3,no_helmet,2,0.0
3,no_helmet,3,0.0
3,no_helmet,31,0.0
3,no_helmet,35,0.0
3,no_helmet,47,0.525600016117096
3,no_helmet,65,0.0
3,no_helmet,70,0.0
3,no_helmet,72,0.0
4,no_helmet,1,0.0
4,no_helmet,2,0.0
4,no_helmet,3,0.0
4,no_helmet,31,0.0
4,no_helmet,35,0.0
4,no_helmet,47,0.0
4,no_helmet,65,0.0
4,no_helmet,70,0.0
4,no_helmet,72,0.5160999894142151
5,no_helmet,1,0.0
5,no_helmet,2,0.0
5,no_helmet,3,0.5465999841690063
5,no_helmet,31,0.0
5,no_helmet,35,0.0
5,no_helmet,47,0.0
5,no_helmet,65,0.0
5,no_helmet,70,0.0
5,no_helmet,72,0.0
0,helmet,1,0.0
0,helmet,2,0.7940000295639038
0,helmet,3,0.0
0,helmet,31,0.0
0,helmet,35,0.0
0,helmet,47,0.0
0,helmet,65,0.0
0,helmet,70,0.0
0,helmet,72,0.0
1,helmet,1,0.0
1,helmet,2,0.0
1,helmet,3,0.0
1,helmet,31,0.0
1,helmet,35,0.7910000085830688
1,helmet,47,0.0
1,helmet,65,0.0
1,helmet,70,0.0
1,helmet,72,0.0
2,no_helmet,1,0.5633000135421753
2,no_helmet,2,0.0
2,no_helmet,3,0.0
2,no_helmet,31,0.0
2,no_helmet,35,0.0
2,no_helmet,47,0.0
2,no_helmet,65,0.0
2,no_helmet,70,0.0
2,no_helmet,72,0.0
3,no_helmet,1,0.0
3,no_helmet,2,0.0
3,no_helmet,3,0.0
3,no_helmet,31,0.0
3,no_helmet,35,0.0
3,no_helmet,47,0.0
3,no_helmet,65,0.0
3,no_helmet,70,0.0
3,no_helmet,72,0.5162000060081482
4,no_helmet,1,0.0
4,no_helmet,2,0.0
4,no_helmet,3,0.0
4,no_helmet,31,0.0
4,no_helmet,35,0.0
4,no_helmet,47,0.505299985408783
4,no_helmet,65,0.0
4,no_helmet,70,0.0
4,no_helmet,72,0.0
5,no_helmet,1,0.0
5,no_helmet,2,0.0
5,no_helmet,3,0.5472999811172485
5,no_helmet,31,0.0
5,no_helmet,35,0.0
5,no_helmet,47,0.0
5,no_helmet,65,0.0
5,no_helmet,70,0.0
5,no_helmet,72,0.0
0,helmet,1,0.0
0,helmet,2,0.0
0,helmet,3,0.0
0,helmet,31,0.0
0,helmet,35,0.8027999997138977
0,helmet,47,0.0
0,helmet,65,0.0
0,helmet,70,0.0
0,helmet,72,0.0
1,helmet,1,0.0
1,helmet,2,0.7896999716758728
1,helmet,3,0.0
1,helmet,31,0.0
1,helmet,35,0.0
1,helmet,47,0.0
1,helmet,65,0.0
1,helmet,70,0.0
1,helmet,72,0.0
2,helmet,1,0.0
2,helmet,2,0.0
2,helmet,3,0.0
2,helmet,31,0.0
2,helmet,35,0.0
2,helmet,47,0.0
2,helmet,65,0.0
2,helmet,70,0.7671999931335449
2,helmet,72,0.0
3,no_helmet,1,0.0
3,no_helmet,2,0.0
3,no_helmet,3,0.0
3,no_helmet,31,0.0
3,no_helmet,35,0.0
3,no_helmet,47,0.5022000074386597
3,no_helmet,65,0.0
3,no_helmet,70,0.0
3,no_helmet,72,0.0
4,no_helmet,1,0.0
4,no_helmet,2,0.0
4,no_helmet,3,0.0
4,no_helmet,31,0.0
4,no_helmet,35,0.0
4,no_helmet,47,0.0
4,no_helmet,65,0.0
4,no_helmet,70,0.0
4,no_helmet,72,0.5166000127792358
5,no_helmet,1,0.5651999711990356
5,no_helmet,2,0.0
5,no_helmet,3,0.0
5,no_helmet,31,0.0
5,no_helmet,35,0.0
5,no_helmet,47,0.0
5,no_helmet,65,0.0
5,no_helmet,70,0.0
5,no_helmet,72,0.0
6,no_helmet,1,0.0
6,no_helmet,2,0.0
6,no_helmet,3,0.5464000105857849
6,no_helmet,31,0.0
6,no_helmet,35,0.0
6,no_helmet,47,0.0
6,no_helmet,65,0.0
6,no_helmet,70,0.0
6,no_helmet,72,0.0
0,helmet,1,0.0
0,helmet,2,0.0
0,helmet,3,0.0
0,helmet,31,0.0
0,helmet,35,0.8033000230789185
0,helmet,47,0.0
0,helmet,65,0.0
0,helmet,70,0.0
0,helmet,72,0.0
1,helmet,1,0.0
1,helmet,2,0.7883999943733215
1,helmet,3,0.0
1,helmet,31,0.0
1,helmet,35,0.0
1,helmet,47,0.0
1,helmet,65,0.0
1,helmet,70,0.0
1,helmet,72,0.0
2,no_helmet,1,0.0
2,no_helmet,2,0.0
2,no_helmet,3,0.0
2,no_helmet,31,0.0
2,no_helmet,35,0.0
2,no_helmet,47,0.0
2,no_helmet,65,0.0
2,no_helmet,70,0.0
2,no_helmet,72,0.5187000036239624
3,no_helmet,1,0.5583000183105469
3,no_helmet,2,0.0
3,no_helmet,3,0.0
3,no_helmet,31,0.0
3,no_helmet,35,0.0
3,no_helmet,47,0.0
3,no_helmet,65,0.0
3,no_helmet,70,0.0
3,no_helmet,72,0.0
4,no_helmet,1,0.0
4,no_helmet,2,0.0
4,no_helmet,3,0.0
4,no_helmet,31,0.0
4,no_helmet,35,0.0
4,no_helmet,47,0.5238000154495239
4,no_helmet,65,0.0
4,no_helmet,70,0.0
4,no_helmet,72,0.0
5,no_helmet,1,0.0
5,no_helmet,2,0.0
5,no_helmet,3,0.545199990272522
5,no_helmet,31,0.0
5,no_helmet,35,0.0
5,no_helmet,47,0.0
5,no_helmet,65,0.0
5,no_helmet,70,0.0
5,no_helmet,72,0.0
0,helmet,1,0.0
0,helmet,2,0.7907999753952026
0,helmet,3,0.0
0,helmet,31,0.0
0,helmet,35,0.0
0,helmet,47,0.0
0,helmet,65,0.0
0,helmet,70,0.0
0,helmet,72,0.0
1,helmet,1,0.0
1,helmet,2,0.0
1,helmet,3,0.0
1,helmet,31,0.0
1,helmet,35,0.8029000163078308
1,helmet,47,0.0
1,helmet,65,0.0
1,helmet,70,0.0
1,helmet,72,0.0
2,no_helmet,1,0.0
2,no_helmet,2,0.0
2,no_helmet,3,0.0
2,no_helmet,31,0.0
2,no_helmet,35,0.0
2,no_helmet,47,0.0
2,no_helmet,65,0.0
2,no_helmet,70,0.0
2,no_helmet,72,0.5138999819755554
3,no_helmet,1,0.0
3,no_helmet,2,0.0
3,no_helmet,3,0.0
3,no_helmet,31,0.0
3,no_helmet,35,0.0
3,no_helmet,47,0.5322999954223633
3,no_helmet,65,0.0
3,no_helmet,70,0.0
3,no_helmet,72,0.0
4,no_helmet,1,0.0
4,no_helmet,2,0.0
4,no_helmet,3,0.5752999782562256
4,no_helmet,31,0.0
4,no_helmet,35,0.0
4,no_helmet,47,0.0
4,no_helmet,65,0.0
4,no_helmet,70,0.0
4,no_helmet,72,0.0
5,no_helmet,1,0.5350000262260437
5,no_helmet,2,0.0
5,no_helmet,3,0.0
5,no_helmet,31,0.0
5,no_helmet,35,0.0
5,no_helmet,47,0.0
5,no_helmet,65,0.0
5,no_helmet,70,0.0
5,no_helmet,72,0.0
0,helmet,1,0.0
0,helmet,2,0.7788000106811523
0,helmet,3,0.0
0,helmet,31,0.0
0,helmet,35,0.0
0,helmet,47,0.0
0,helmet,65,0.0
0,helmet,70,0.0
0,helmet,72,0.0
1,helmet,1,0.0
1,helmet,2,0.0
1,helmet,3,0.0
1,helmet,31,0.0
1,helmet,35,0.8025000095367432
1,helmet,47,0.0
1,helmet,65,0.0
1,helmet,70,0.0
1,helmet,72,0.0
2,no_helmet,1,0.0
2,no_helmet,2,0.0
2,no_helmet,3,0.0
2,no_helmet,31,0.0
2,no_helmet,35,0.0
2,no_helmet,47,0.0
2,no_helmet,65,0.0
2,no_helmet,70,0.0
2,no_helmet,72,0.5239999890327454
3,no_helmet,1,0.0
3,no_helmet,2,0.0
3,no_helmet,3,0.0
3,no_helmet,31,0.0
3,no_helmet,35,0.0
3,no_helmet,47,0.5458999872207642
3,no_helmet,65,0.0
3,no_helmet,70,0.0
3,no_helmet,72,0.0
4,no_helmet,1,0.0
4,no_helmet,2,0.0
4,no_helmet,3,0.5705000162124634
4,no_helmet,31,0.0
4,no_helmet,35,0.0
4,no_helmet,47,0.0
4,no_helmet,65,0.0
4,no_helmet,70,0.0
4,no_helmet,72,0.0
5,no_helmet,1,0.5257999897003174
5,no_helmet,2,0.0
5,no_helmet,3,0.0
5,no_helmet,31,0.0
5,no_helmet,35,0.0
5,no_helmet,47,0.0
5,no_helmet,65,0.0
5,no_helmet,70,0.0
5,no_helmet,72,0.0
0,helmet,1,0.0
0,helmet,2,0.777400016784668
0,helmet,3,0.0
0,helmet,31,0.0
0,helmet,35,0.0
0,helmet,47,0.0
0,helmet,65,0.0
0,helmet,70,0.0
0,helmet,72,0.0
1,helmet,1,0.0
1,helmet,2,0.0
1,helmet,3,0.0
1,helmet,31,0.0
1,helmet,35,0.7975000143051147
1,helmet,47,0.0
1,helmet,65,0.0
1,helmet,70,0.0
1,helmet,72,0.0
2,no_helmet,1,0.0
2,no_helmet,2,0.0
2,no_helmet,3,0.0
2,no_helmet,31,0.0
2,no_helmet,35,0.0
2,no_helmet,47,0.0
2,no_helmet,65,0.0
2,no_helmet,70,0.0
2,no_helmet,72,0.5199999809265137
3,no_helmet,1,0.0
3,no_helmet,2,0.0
3,no_helmet,3,0.0
3,no_helmet,31,0.0
3,no_helmet,35,0.0
3,no_helmet,47,0.5472000241279602
3,no_helmet,65,0.0
3,no_helmet,70,0.0
3,no_helmet,72,0.0
4,no_helmet,1,0.0
4,no_helmet,2,0.0
4,no_helmet,3,0.5737000107765198
4,no_helmet,31,0.0
4,no_helmet,35,0.0
4,no_helmet,47,0.0
4,no_helmet,65,0.0
4,no_helmet,70,0.0
4,no_helmet,72,0.0
5,no_helmet,1,0.5210999846458435
5,no_helmet,2,0.0
5,no_helmet,3,0.0
5,no_helmet,31,0.0
5,no_helmet,35,0.0
5,no_helmet,47,0.0
5,no_helmet,65,0.0
5,no_helmet,70,0.0
5,no_helmet,72,0.0
0,helmet,1,0.0
0,helmet,2,0.78329998254776
0,helmet,3,0.0
0,helmet,31,0.0
0,helmet,35,0.0
0,helmet,47,0.0
0,helmet,65,0.0
0,helmet,72,0.0
1,helmet,1,0.0
1,helmet,2,0.0
1,helmet,3,0.0
1,helmet,31,0.0
1,helmet,35,0.8046000003814697
1,helmet,47,0.0
1,helmet,65,0.0
1,helmet,72,0.0
2,no_helmet,1,0.0
2,no_helmet,2,0.0
2,no_helmet,3,0.0
2,no_helmet,31,0.0
2,no_helmet,35,0.0
2,no_helmet,47,0.0
2,no_helmet,65,0.0
2,no_helmet,72,0.5200999975204468
3,no_helmet,1,0.0
3,no_helmet,2,0.0
3,no_helmet,3,0.0
3,no_helmet,31,0.0
3,no_helmet,35,0.0
3,no_helmet,47,0.5527999997138977
3,no_helmet,65,0.0
3,no_helmet,72,0.0
4,no_helmet,1,0.0
4,no_helmet,2,0.0
4,no_helmet,3,0.570900022983551
4,no_helmet,31,0.0
4,no_helmet,35,0.0
4,no_helmet,47,0.0
4,no_helmet,65,0.0
4,no_helmet,72,0.0
0,helmet,1,0.0
0,helmet,2,0.7813000082969666
0,helmet,3,0.0
0,helmet,31,0.0
0,helmet,35,0.0
0,helmet,47,0.0
0,helmet,65,0.0
0,helmet,72,0.0
1,helmet,1,0.0
1,helmet,2,0.0
1,helmet,3,0.0
1,helmet,31,0.0
1,helmet,35,0.7878000140190125
1,helmet,47,0.0
1,helmet,65,0.0
1,helmet,72,0.0
2,no_helmet,1,0.0
2,no_helmet,2,0.0
2,no_helmet,3,0.0
2,no_helmet,31,0.0
2,no_helmet,35,0.0
2,no_helmet,47,0.0
2,no_helmet,65,0.0
2,no_helmet,72,0.5152999758720398
3,no_helmet,1,0.0
3,no_helmet,2,0.0
3,no_helmet,3,0.0
3,no_helmet,31,0.0
3,no_helmet,35,0.0
3,no_helmet,47,0.5496000051498413
3,no_helmet,65,0.0
3,no_helmet,72,0.0
4,helmet,1,0.8033000230789185
4,helmet,2,0.0
4,helmet,3,0.0
4,helmet,31,0.0
4,helmet,35,0.0
4,helmet,47,0.0
4,helmet,65,0.0
4,helmet,72,0.0
5,no_helmet,1,0.0
5,no_helmet,2,0.0
5,no_helmet,3,0.5695000290870667
5,no_helmet,31,0.0
5,no_helmet,35,0.0
5,no_helmet,47,0.0
5,no_helmet,65,0.0
5,no_helmet,72,0.0
0,helmet,1,0.0
0,helmet,2,0.0
0,helmet,3,0.0
0,helmet,31,0.0
0,helmet,35,0.7766000032424927
0,helmet,47,0.0
0,helmet,65,0.0
0,helmet,72,0.0
0,helmet,70,0.0
1,no_helmet,1,0.0
1,no_helmet,2,0.0
1,no_helmet,3,0.0
1,no_helmet,31,0.0
1,no_helmet,35,0.0
1,no_helmet,47,0.0
1,no_helmet,65,0.0
1,no_helmet,72,0.5163000226020813
1,no_helmet,70,0.0
2,helmet,1,0.0
2,helmet,2,0.7860000133514404
2,helmet,3,0.0
2,helmet,31,0.0
2,helmet,35,0.0
2,helmet,47,0.0
2,helmet,65,0.0
2,helmet,72,0.0
2,helmet,70,0.0
3,no_helmet,1,0.0
3,no_helmet,2,0.0
3,no_helmet,3,0.5723999738693237
3,no_helmet,31,0.0
3,no_helmet,35,0.0
3,no_helmet,47,0.0
3,no_helmet,65,0.0
3,no_helmet,72,0.0
3,no_helmet,70,0.0
0,helmet,1,0.0
0,helmet,2,0.0
0,helmet,3,0.0
0,helmet,31,0.0
0,helmet,35,0.7822999954223633
0,helmet,47,0.0
0,helmet,65,0.0
0,helmet,72,0.0
0,helmet,75,0.0
0,helmet,70,0.0
1,helmet,1,0.0
1,helmet,2,0.7886000275611877
1,helmet,3,0.0
1,helmet,31,0.0
1,helmet,35,0.0
1,helmet,47,0.0
1,helmet,65,0.0
1,helmet,72,0.0
1,helmet,75,0.0
1,helmet,70,0.0
2,no_helmet,1,0.0
2,no_helmet,2,0.0
2,no_helmet,3,0.0
2,no_helmet,31,0.0
2,no_helmet,35,0.0
2,no_helmet,47,0.0
2,no_helmet,65,0.0
2,no_helmet,72,0.5266000032424927
2,no_helmet,75,0.0
2,no_helmet,70,0.0
3,no_helmet,1,0.5706999897956848
3,no_helmet,2,0.0
3,no_helmet,3,0.0
3,no_helmet,31,0.0
3,no_helmet,35,0.0
3,no_helmet,47,0.0
3,no_helmet,65,0.0
3,no_helmet,72,0.0
3,no_helmet,75,0.0
3,no_helmet,70,0.0
4,no_helmet,1,0.0
4,no_helmet,2,0.0
4,no_helmet,3,0.5720999836921692
4,no_helmet,31,0.0
4,no_helmet,35,0.0
4,no_helmet,47,0.0
4,no_helmet,65,0.0
4,no_helmet,72,0.0
4,no_helmet,75,0.0
4,no_helmet,70,0.0
5,no_helmet,1,0.0
5,no_helmet,2,0.0
5,no_helmet,3,0.5618000030517578
5,no_helmet,31,0.0
5,no_helmet,35,0.0
5,no_helmet,47,0.0
5,no_helmet,65,0.0
5,no_helmet,72,0.0
5,no_helmet,75,0.0
5,no_helmet,70,0.0
0,helmet,1,0.0
0,helmet,2,0.0
0,helmet,3,0.0
0,helmet,31,0.0
0,helmet,35,0.7868000268936157
0,helmet,47,0.0
0,helmet,65,0.0
0,helmet,72,0.0
0,helmet,75,0.0
0,helmet,70,0.0
1,helmet,1,0.0
1,helmet,2,0.7890999913215637
1,helmet,3,0.0
1,helmet,31,0.0
1,helmet,35,0.0
1,helmet,47,0.0
1,helmet,65,0.0
1,helmet,72,0.0
1,helmet,75,0.0
1,helmet,70,0.0
2,no_helmet,1,0.0
2,no_helmet,2,0.0
2,no_helmet,3,0.0
2,no_helmet,31,0.0
2,no_helmet,35,0.0
2,no_helmet,47,0.0
2,no_helmet,65,0.0
2,no_helmet,72,0.5256999731063843
2,no_helmet,75,0.0
2,no_helmet,70,0.0
3,no_helmet,1,0.5705000162124634
3,no_helmet,2,0.0
3,no_helmet,3,0.0
3,no_helmet,31,0.0
3,no_helmet,35,0.0
3,no_helmet,47,0.0
3,no_helmet,65,0.0
3,no_helmet,72,0.0
3,no_helmet,75,0.0
3,no_helmet,70,0.0
4,no_helmet,1,0.0
4,no_helmet,2,0.0
4,no_helmet,3,0.0
4,no_helmet,31,0.0
4,no_helmet,35,0.0
4,no_helmet,47,0.5392000079154968
4,no_helmet,65,0.0
4,no_helmet,72,0.0
4,no_helmet,75,0.0
4,no_helmet,70,0.0
5,no_helmet,1,0.0
5,no_helmet,2,0.0
5,no_helmet,3,0.5708000063896179
5,no_helmet,31,0.0
5,no_helmet,35,0.0
5,no_helmet,47,0.0
5,no_helmet,65,0.0
5,no_helmet,72,0.0
5,no_helmet,75,0.0
5,no_helmet,70,0.0
0,helmet,1,0.0
0,helmet,2,0.7919999957084656
0,helmet,3,0.0
0,helmet,31,0.0
0,helmet,35,0.0
0,helmet,47,0.0
0,helmet,65,0.0
0,helmet,72,0.0
0,helmet,75,0.0
0,helmet,70,0.0
1,helmet,1,0.0
1,helmet,2,0.0
1,helmet,3,0.0
1,helmet,31,0.0
1,helmet,35,0.7824000120162964
1,helmet,47,0.0
1,helmet,65,0.0
1,helmet,72,0.0
1,helmet,75,0.0
1,helmet,70,0.0
2,no_helmet,1,0.0
2,no_helmet,2,0.0
2,no_helmet,3,0.0
2,no_helmet,31,0.0
2,no_helmet,35,0.0
2,no_helmet,47,0.0
2,no_helmet,65,0.0
2,no_helmet,72,0.5189999938011169
2,no_helmet,75,0.0
2,no_helmet,70,0.0
3,no_helmet,1,0.0
3,no_helmet,2,0.0
3,no_helmet,3,0.0
3,no_helmet,31,0.0
3,no_helmet,35,0.0
3,no_helmet,47,0.5318999886512756
3,no_helmet,65,0.0
3,no_helmet,72,0.0
3,no_helmet,75,0.0
3,no_helmet,70,0.0
4,no_helmet,1,0.5698999762535095
4,no_helmet,2,0.0
4,no_helmet,3,0.0
4,no_helmet,31,0.0
4,no_helmet,35,0.0
4,no_helmet,47,0.0
4,no_helmet,65,0.0
4,no_helmet,72,0.0
4,no_helmet,75,0.0
4,no_helmet,70,0.0
5,no_helmet,1,0.0
5,no_helmet,2,0.0
5,no_helmet,3,0.5522000193595886
5,no_helmet,31,0.0
5,no_helmet,35,0.0
5,no_helmet,47,0.0
5,no_helmet,65,0.0
5,no_helmet,72,0.0
5,no_helmet,75,0.0
5,no_helmet,70,0.0
0,helmet,1,0.0
0,helmet,2,0.7979999780654907
0,helmet,3,0.0
0,helmet,31,0.0
0,helmet,35,0.0
0,helmet,47,0.0
0,helmet,65,0.0
0,helmet,72,0.0
0,helmet,75,0.0
0,helmet,70,0.0
1,helmet,1,0.0
1,helmet,2,0.0
1,helmet,3,0.0
1,helmet,31,0.0
1,helmet,35,0.7791000008583069
1,helmet,47,0.0
1,helmet,65,0.0
1,helmet,72,0.0
1,helmet,75,0.0
1,helmet,70,0.0
2,no_helmet,1,0.0
2,no_helmet,2,0.0
2,no_helmet,3,0.0
2,no_helmet,31,0.0
2,no_helmet,35,0.0
2,no_helmet,47,0.527899980545044
2,no_helmet,65,0.0
2,no_helmet,72,0.0
2,no_helmet,75,0.0
2,no_helmet,70,0.0
3,helmet,1,0.0
3,helmet,2,0.0
3,helmet,3,0.0
3,helmet,31,0.0
3,helmet,35,0.0
3,helmet,47,0.0
3,helmet,65,0.0
3,helmet,72,0.0
3,helmet,75,0.0
3,helmet,70,0.7516000270843506
4,no_helmet,1,0.0
4,no_helmet,2,0.0
4,no_helmet,3,0.0
4,no_helmet,31,0.0
4,no_helmet,35,0.0
4,no_helmet,47,0.0
4,no_helmet,65,0.0
4,no_helmet,72,0.5220999717712402
4,no_helmet,75,0.0
4,no_helmet,70,0.0
5,no_helmet,1,0.5683000087738037
5,no_helmet,2,0.0
5,no_helmet,3,0.0
5,no_helmet,31,0.0
5,no_helmet,35,0.0
5,no_helmet,47,0.0
5,no_helmet,65,0.0
5,no_helmet,72,0.0
5,no_helmet,75,0.0
5,no_helmet,70,0.0
6,no_helmet,1,0.0
6,no_helmet,2,0.0
6,no_helmet,3,0.5695000290870667
6,no_helmet,31,0.0
6,no_helmet,35,0.0
6,no_helmet,47,0.0
6,no_helmet,65,0.0
6,no_helmet,72,0.0
6,no_helmet,75,0.0
6,no_helmet,70,0.0
0,helmet,1,0.0
0,helmet,2,0.7980999946594238
0,helmet,3,0.0
0,helmet,31,0.0
0,helmet,35,0.0
0,helmet,47,0.0
0,helmet,65,0.0
0,helmet,72,0.0
0,helmet,75,0.0
0,helmet,70,0.0
1,helmet,1,0.0
1,helmet,2,0.0
1,helmet,3,0.0
1,helmet,31,0.0
1,helmet,35,0.7774999737739563
1,helmet,47,0.0
1,helmet,65,0.0
1,helmet,72,0.0
1,helmet,75,0.0
1,helmet,70,0.0
2,helmet,1,0.0
2,helmet,2,0.0
2,helmet,3,0.0
2,helmet,31,0.0
2,helmet,35,0.0
2,helmet,47,0.0
2,helmet,65,0.0
2,helmet,72,0.0
2,helmet,75,0.0
2,helmet,70,0.7506999969482422
3,no_helmet,1,0.0
3,no_helmet,2,0.0
3,no_helmet,3,0.0
3,no_helmet,31,0.0
3,no_helmet,35,0.0
3,no_helmet,47,0.5246999859809875
3,no_helmet,65,0.0
3,no_helmet,72,0.0
3,no_helmet,75,0.0
3,no_helmet,70,0.0
4,no_helmet,1,0.0
4,no_helmet,2,0.0
4,no_helmet,3,0.0
4,no_helmet,31,0.0
4,no_helmet,35,0.0
4,no_helmet,47,0.0
4,no_helmet,65,0.0
4,no_helmet,72,0.515500009059906
4,no_helmet,75,0.0
4,no_helmet,70,0.0
5,no_helmet,1,0.5557000041007996
5,no_helmet,2,0.0
5,no_helmet,3,0.0
5,no_helmet,31,0.0
5,no_helmet,35,0.0
5,no_helmet,47,0.0
5,no_helmet,65,0.0
5,no_helmet,72,0.0
5,no_helmet,75,0.0
5,no_helmet,70,0.0
6,no_helmet,1,0.0
6,no_helmet,2,0.0
6,no_helmet,3,0.5719000101089478
6,no_helmet,31,0.0
6,no_helmet,35,0.0
6,no_helmet,47,0.0
6,no_helmet,65,0.0
6,no_helmet,72,0.0
6,no_helmet,75,0.0
6,no_helmet,70,0.0
0,helmet,1,0.0
0,helmet,2,0.0
0,helmet,3,0.0
0,helmet,31,0.0
0,helmet,35,0.784600019454956
0,helmet,47,0.0
0,helmet,65,0.0
0,helmet,72,0.0
0,helmet,70,0.0
1,helmet,1,0.0
1,helmet,2,0.7982000112533569
1,helmet,3,0.0
1,helmet,31,0.0
1,helmet,35,0.0
1,helmet,47,0.0
1,helmet,65,0.0
1,helmet,72,0.0
1,helmet,70,0.0
2,helmet,1,0.0
2,helmet,2,0.0
2,helmet,3,0.0
2,helmet,31,0.0
2,helmet,35,0.0
2,helmet,47,0.0
2,helmet,65,0.0
2,helmet,72,0.0
2,helmet,70,0.7717000246047974
3,no_helmet,1,0.0
3,no_helmet,2,0.0
3,no_helmet,3,0.0
3,no_helmet,31,0.0
3,no_helmet,35,0.0
3,no_helmet,47,0.0
3,no_helmet,65,0.0
3,no_helmet,72,0.5123999714851379
3,no_helmet,70,0.0
4,no_helmet,1,0.0
4,no_helmet,2,0.0
4,no_helmet,3,0.0
4,no_helmet,31,0.0
4,no_helmet,35,0.0
4,no_helmet,47,0.5238999724388123
4,no_helmet,65,0.0
4,no_helmet,72,0.0
4,no_helmet,70,0.0
5,no_helmet,1,0.5522000193595886
5,no_helmet,2,0.0
5,no_helmet,3,0.0
5,no_helmet,31,0.0
5,no_helmet,35,0.0
5,no_helmet,47,0.0
5,no_helmet,65,0.0
5,no_helmet,72,0.0
5,no_helmet,70,0.0
6,no_helmet,1,0.0
6,no_helmet,2,0.0
6,no_helmet,3,0.5414999723434448
6,no_helmet,31,0.0
6,no_helmet,35,0.0
6,no_helmet,47,0.0
6,no_helmet,65,0.0
6,no_helmet,72,0.0
6,no_helmet,70,0.0
0,helmet,1,0.0
0,helmet,2,0.0
0,helmet,3,0.0
0,helmet,35,0.7853000164031982
0,helmet,47,0.0
0,helmet,65,0.0
0,helmet,72,0.0
0,helmet,70,0.0
1,helmet,1,0.0
1,helmet,2,0.8004999756813049
1,helmet,3,0.0
1,helmet,35,0.0
1,helmet,47,0.0
1,helmet,65,0.0
1,helmet,72,0.0
1,helmet,70,0.0
2,no_helmet,1,0.0
2,no_helmet,2,0.0
2,no_helmet,3,0.0
2,no_helmet,35,0.0
2,no_helmet,47,0.5220999717712402
2,no_helmet,65,0.0
2,no_helmet,72,0.0
2,no_helmet,70,0.0
3,no_helmet,1,0.0
3,no_helmet,2,0.0
3,no_helmet,3,0.0
3,no_helmet,35,0.0
3,no_helmet,47,0.0
3,no_helmet,65,0.0
3,no_helmet,72,0.5024999976158142
3,no_helmet,70,0.0
4,no_helmet,1,0.5386999845504761
4,no_helmet,2,0.0
4,no_helmet,3,0.0
4,no_helmet,35,0.0
4,no_helmet,47,0.0
4,no_helmet,65,0.0
4,no_helmet,72,0.0
4,no_helmet,70,0.0
5,no_helmet,1,0.0
5,no_helmet,2,0.0
5,no_helmet,3,0.5378999710083008
5,no_helmet,35,0.0
5,no_helmet,47,0.0
5,no_helmet,65,0.0
5,no_helmet,72,0.0
5,no_helmet,70,0.0
0,helmet,1,0.0
0,helmet,2,0.0
0,helmet,3,0.0
0,helmet,35,0.7843999862670898
0,helmet,47,0.0
0,helmet,65,0.0
0,helmet,72,0.0
0,helmet,70,0.0
1,helmet,1,0.7849000096321106
1,helmet,2,0.0
1,helmet,3,0.0
1,helmet,35,0.0
1,helmet,47,0.0
1,helmet,65,0.0
1,helmet,72,0.0
1,helmet,70,0.0
2,helmet,1,0.0
2,helmet,2,0.8046000003814697
2,helmet,3,0.0
2,helmet,35,0.0
2,helmet,47,0.0
2,helmet,65,0.0
2,helmet,72,0.0
2,helmet,70,0.0
3,no_helmet,1,0.0
3,no_helmet,2,0.0
3,no_helmet,3,0.0
3,no_helmet,35,0.0
3,no_helmet,47,0.0
3,no_helmet,65,0.0
3,no_helmet,72,0.5073999762535095
3,no_helmet,70,0.0
4,no_helmet,1,0.0
4,no_helmet,2,0.0
4,no_helmet,3,0.0
4,no_helmet,35,0.0
4,no_helmet,47,0.5217000246047974
4,no_helmet,65,0.0
4,no_helmet,72,0.0
4,no_helmet,70,0.0
5,no_helmet,1,0.0
5,no_helmet,2,0.0
5,no_helmet,3,0.5404000282287598
5,no_helmet,35,0.0
5,no_helmet,47,0.0
5,no_helmet,65,0.0
5,no_helmet,72,0.0
5,no_helmet,70,0.0
0,helmet,1,0.0
0,helmet,2,0.0
0,helmet,3,0.0
0,helmet,35,0.8004999756813049
0,helmet,47,0.0
0,helmet,65,0.0
0,helmet,72,0.0
0,helmet,70,0.0
1,helmet,1,0.0
1,helmet,2,0.8058000206947327
1,helmet,3,0.0
1,helmet,35,0.0
1,helmet,47,0.0
1,helmet,65,0.0
1,helmet,72,0.0
1,helmet,70,0.0
2,helmet,1,0.7912999987602234
2,helmet,2,0.0
2,helmet,3,0.0
2,helmet,35,0.0
2,helmet,47,0.0
2,helmet,65,0.0
2,helmet,72,0.0
2,helmet,70,0.0
3,no_helmet,1,0.0
3,no_helmet,2,0.0
3,no_helmet,3,0.0
3,no_helmet,35,0.0
3,no_helmet,47,0.0
3,no_helmet,65,0.0
3,no_helmet,72,0.5213000178337097
3,no_helmet,70,0.0
4,no_helmet,1,0.0
4,no_helmet,2,0.0
4,no_helmet,3,0.0
4,no_helmet,35,0.0
4,no_helmet,47,0.5264000296592712
4,no_helmet,65,0.0
4,no_helmet,72,0.0
4,no_helmet,70,0.0
5,no_helmet,1,0.0
5,no_helmet,2,0.0
5,no_helmet,3,0.5467000007629395
5,no_helmet,35,0.0
5,no_helmet,47,0.0
5,no_helmet,65,0.0
5,no_helmet,72,0.0
5,no_helmet,70,0.0
0,helmet,1,0.0
0,helmet,2,0.0
0,helmet,3,0.0
0,helmet,35,0.8039000034332275
0,helmet,47,0.0
0,helmet,65,0.0
0,helmet,72,0.0
0,helmet,70,0.0
1,helmet,1,0.0
1,helmet,2,0.805400013923645
1,helmet,3,0.0
1,helmet,35,0.0
1,helmet,47,0.0
1,helmet,65,0.0
1,helmet,72,0.0
1,helmet,70,0.0
2,no_helmet,1,0.0
2,no_helmet,2,0.0
2,no_helmet,3,0.0
2,no_helmet,35,0.0
2,no_helmet,47,0.0
2,no_helmet,65,0.0
2,no_helmet,72,0.5181999802589417
2,no_helmet,70,0.0
3,no_helmet,1,0.0
3,no_helmet,2,0.0
3,no_helmet,3,0.0
3,no_helmet,35,0.0
3,no_helmet,47,0.5364000201225281
3,no_helmet,65,0.0
3,no_helmet,72,0.0
3,no_helmet,70,0.0
4,no_helmet,1,0.0
4,no_helmet,2,0.0
4,no_helmet,3,0.5475999712944031
4,no_helmet,35,0.0
4,no_helmet,47,0.0
4,no_helmet,65,0.0
4,no_helmet,72,0.0
4,no_helmet,70,0.0
0,helmet,1,0.0
0,helmet,2,0.0
0,helmet,3,0.0
0,helmet,35,0.7991999983787537
0,helmet,47,0.0
0,helmet,65,0.0
0,helmet,72,0.0
0,helmet,70,0.0
1,no_helmet,1,0.0
1,no_helmet,2,0.0
1,no_helmet,3,0.0
1,no_helmet,35,0.0
1,no_helmet,47,0.0
1,no_helmet,65,0.0
1,no_helmet,72,0.5249999761581421
1,no_helmet,70,0.0
2,helmet,1,0.0
2,helmet,2,0.8039000034332275
2,helmet,3,0.0
2,helmet,35,0.0
2,helmet,47,0.0
2,helmet,65,0.0
2,helmet,72,0.0
2,helmet,70,0.0
3,no_helmet,1,0.0
3,no_helmet,2,0.0
3,no_helmet,3,0.0
3,no_helmet,35,0.0
3,no_helmet,47,0.5392000079154968
3,no_helmet,65,0.0
3,no_helmet,72,0.0
3,no_helmet,70,0.0
4,no_helmet,1,0.0
4,no_helmet,2,0.0
4,no_helmet,3,0.5507000088691711
4,no_helmet,35,0.0
4,no_helmet,47,0.0
4,no_helmet,65,0.0
4,no_helmet,72,0.0
4,no_helmet,70,0.0
0,helmet,1,0.0
0,helmet,2,0.0
0,helmet,3,0.0
0,helmet,35,0.7954999804496765
0,helmet,47,0.0
0,helmet,65,0.0
0,helmet,72,0.0
0,helmet,70,0.0
1,no_helmet,1,0.0
1,no_helmet,2,0.0
1,no_helmet,3,0.0
1,no_helmet,35,0.0
1,no_helmet,47,0.0
1,no_helmet,65,0.0
1,no_helmet,72,0.527899980545044
1,no_helmet,70,0.0
2,no_helmet,1,0.0
2,no_helmet,2,0.0
2,no_helmet,3,0.0
2,no_helmet,35,0.0
2,no_helmet,47,0.5449000000953674
2,no_helmet,65,0.0
2,no_helmet,72,0.0
2,no_helmet,70,0.0
3,helmet,1,0.0
3,helmet,2,0.7957000136375427
3,helmet,3,0.0
3,helmet,35,0.0
3,helmet,47,0.0
3,helmet,65,0.0
3,helmet,72,0.0
3,helmet,70,0.0
4,no_helmet,1,0.0
4,no_helmet,2,0.0
4,no_helmet,3,0.0
4,no_helmet,35,0.0
4,no_helmet,47,0.0
4,no_helmet,65,0.0
4,no_helmet,72,0.0
4,no_helmet,70,0.534600019454956
5,no_helmet,1,0.0
5,no_helmet,2,0.0
5,no_helmet,3,0.5623000264167786
5,no_helmet,35,0.0
5,no_helmet,47,0.0
5,no_helmet,65,0.0
5,no_helmet,72,0.0
5,no_helmet,70,0.0
0,helmet,1,0.0
0,helmet,2,0.0
0,helmet,3,0.0
0,helmet,35,0.7965999841690063
0,helmet,47,0.0
0,helmet,65,0.0
0,helmet,72,0.0
0,helmet,70,0.0
1,helmet,1,0.8091999888420105
1,helmet,2,0.0
1,helmet,3,0.0
1,helmet,35,0.0
1,helmet,47,0.0
1,helmet,65,0.0
1,helmet,72,0.0
1,helmet,70,0.0
2,no_helmet,1,0.0
2,no_helmet,2,0.0
2,no_helmet,3,0.0
2,no_helmet,35,0.0
2,no_helmet,47,0.0
2,no_helmet,65,0.0
2,no_helmet,72,0.5378999710083008
2,no_helmet,70,0.0
3,no_helmet,1,0.0
3,no_helmet,2,0.0
3,no_helmet,3,0.0
3,no_helmet,35,0.0
3,no_helmet,47,0.5392000079154968
3,no_helmet,65,0.0
3,no_helmet,72,0.0
3,no_helmet,70,0.0
4,no_helmet,1,0.0
4,no_helmet,2,0.0
4,no_helmet,3,0.0
4,no_helmet,35,0.0
4,no_helmet,47,0.0
4,no_helmet,65,0.0
4,no_helmet,72,0.0
4,no_helmet,70,0.532800018787384
5,no_helmet,1,0.0
5,no_helmet,2,0.0
5,no_helmet,3,0.5716999769210815
5,no_helmet,35,0.0
5,no_helmet,47,0.0
5,no_helmet,65,0.0
5,no_helmet,72,0.0
5,no_helmet,70,0.0
0,helmet,1,0.0
0,helmet,2,0.0
0,helmet,3,0.0
0,helmet,35,0.796500027179718
0,helmet,47,0.0
0,helmet,65,0.0
0,helmet,72,0.0
0,helmet,70,0.0
1,no_helmet,1,0.0
1,no_helmet,2,0.0
1,no_helmet,3,0.0
1,no_helmet,35,0.0
1,no_helmet,47,0.5343999862670898
1,no_helmet,65,0.0
1,no_helmet,72,0.0
1,no_helmet,70,0.0
2,helmet,1,0.7886000275611877
2,helmet,2,0.0
2,helmet,3,0.0
2,helmet,35,0.0
2,helmet,47,0.0
2,helmet,65,0.0
2,helmet,72,0.0
2,helmet,70,0.0
3,no_helmet,1,0.0
3,no_helmet,2,0.0
3,no_helmet,3,0.0
3,no_helmet,35,0.0
3,no_helmet,47,0.0
3,no_helmet,65,0.0
3,no_helmet,72,0.5374000072479248
3,no_helmet,70,0.0
0,no_helmet,1,0.0
0,no_helmet,2,0.0
0,no_helmet,3,0.0
0,no_helmet,35,0.0
0,no_helmet,47,0.5364000201225281
0,no_helmet,65,0.0
0,no_helmet,72,0.0
0,no_helmet,70,0.0
1,helmet,1,0.0
1,helmet,2,0.0
1,helmet,3,0.0
1,helmet,35,0.7885000109672546
1,helmet,47,0.0
1,helmet,65,0.0
1,helmet,72,0.0
1,helmet,70,0.0
2,helmet,1,0.0
2,helmet,2,0.8037999868392944
2,helmet,3,0.0
2,helmet,35,0.0
2,helmet,47,0.0
2,helmet,65,0.0
2,helmet,72,0.0
2,helmet,70,0.0
3,no_helmet,1,0.0
3,no_helmet,2,0.0
3,no_helmet,3,0.0
3,no_helmet,35,0.0
3,no_helmet,47,0.0
3,no_helmet,65,0.0
3,no_helmet,72,0.5350000262260437
3,no_helmet,70,0.0
0,helmet,1,0.0
0,helmet,2,0.0
0,helmet,3,0.0
0,helmet,35,0.7874000072479248
0,helmet,47,0.0
0,helmet,65,0.0
0,helmet,72,0.0
0,helmet,70,0.0
0,helmet,81,0.0
1,no_helmet,1,0.0
1,no_helmet,2,0.0
1,no_helmet,3,0.0
1,no_helmet,35,0.0
1,no_helmet,47,0.5195000171661377
1,no_helmet,65,0.0
1,no_helmet,72,0.0
1,no_helmet,70,0.0
1,no_helmet,81,0.0
2,no_helmet,1,0.0
2,no_helmet,2,0.0
2,no_helmet,3,0.0
2,no_helmet,35,0.0
2,no_helmet,47,0.0
2,no_helmet,65,0.0
2,no_helmet,72,0.5335000157356262
2,no_helmet,70,0.0
2,no_helmet,81,0.0
3,vest,1,0.0
3,vest,2,0.8398000001907349
3,vest,3,0.0
3,vest,35,0.0
3,vest,47,0.0
3,vest,65,0.0
3,vest,72,0.0
3,vest,70,0.0
3,vest,81,0.0
0,helmet,1,0.0
0,helmet,2,0.0
0,helmet,3,0.0
0,helmet,35,0.7870000004768372
0,helmet,47,0.0
0,helmet,65,0.0
0,helmet,72,0.0
0,helmet,70,0.0
0,helmet,81,0.0
1,no_helmet,1,0.0
1,no_helmet,2,0.0
1,no_helmet,3,0.0
1,no_helmet,35,0.0
1,no_helmet,47,0.5177000164985657
1,no_helmet,65,0.0
1,no_helmet,72,0.0
1,no_helmet,70,0.0
1,no_helmet,81,0.0
2,helmet,1,0.7645999789237976
2,helmet,2,0.0
2,helmet,3,0.0
2,helmet,35,0.0
2,helmet,47,0.0
2,helmet,65,0.0
2,helmet,72,0.0
2,helmet,70,0.0
2,helmet,81,0.0
3,helmet,1,0.0
3,helmet,2,0.8112000226974487
3,helmet,3,0.0
3,helmet,35,0.0
3,helmet,47,0.0
3,helmet,65,0.0
3,helmet,72,0.0
3,helmet,70,0.0
3,helmet,81,0.0
4,no_helmet,1,0.0
4,no_helmet,2,0.0
4,no_helmet,3,0.0
4,no_helmet,35,0.0
4,no_helmet,47,0.0
4,no_helmet,65,0.0
4,no_helmet,72,0.5174000263214111
4,no_helmet,70,0.0
4,no_helmet,81,0.0
5,vest,1,0.0
5,vest,2,0.8461999893188477
5,vest,3,0.0
5,vest,35,0.0
5,vest,47,0.0
5,vest,65,0.0
5,vest,72,0.0
5,vest,70,0.0
5,vest,81,0.0
6,no_helmet,1,0.0
6,no_helmet,2,0.0
6,no_helmet,3,0.5533999800682068
6,no_helmet,35,0.0
6,no_helmet,47,0.0
6,no_helmet,65,0.0
6,no_helmet,72,0.0
6,no_helmet,70,0.0
6,no_helmet,81,0.0
0,helmet,1,0.0
0,helmet,2,0.0
0,helmet,3,0.0
0,helmet,35,0.7940999865531921
0,helmet,47,0.0
0,helmet,65,0.0
0,helmet,72,0.0
0,helmet,70,0.0
0,helmet,81,0.0
1,no_helmet,1,0.0
1,no_helmet,2,0.0
1,no_helmet,3,0.0
1,no_helmet,35,0.0
1,no_helmet,47,0.5184999704360962
1,no_helmet,65,0.0
1,no_helmet,72,0.0
1,no_helmet,70,0.0
1,no_helmet,81,0.0
2,no_helmet,1,0.0
2,no_helmet,2,0.0
2,no_helmet,3,0.0
2,no_helmet,35,0.0
2,no_helmet,47,0.0
2,no_helmet,65,0.0
2,no_helmet,72,0.5181000232696533
2,no_helmet,70,0.0
2,no_helmet,81,0.0
3,no_helmet,1,0.0
3,no_helmet,2,0.5533999800682068
3,no_helmet,3,0.0
3,no_helmet,35,0.0
3,no_helmet,47,0.0
3,no_helmet,65,0.0
3,no_helmet,72,0.0
3,no_helmet,70,0.0
3,no_helmet,81,0.0
4,no_helmet,1,0.0
4,no_helmet,2,0.0
4,no_helmet,3,0.5521000027656555
4,no_helmet,35,0.0
4,no_helmet,47,0.0
4,no_helmet,65,0.0
4,no_helmet,72,0.0
4,no_helmet,70,0.0
4,no_helmet,81,0.0
5,no_helmet,1,0.5123999714851379
5,no_helmet,2,0.0
5,no_helmet,3,0.0
5,no_helmet,35,0.0
5,no_helmet,47,0.0
5,no_helmet,65,0.0
5,no_helmet,72,0.0
5,no_helmet,70,0.0
5,no_helmet,81,0.0
0,helmet,1,0.0
0,helmet,2,0.0
0,helmet,3,0.0
0,helmet,35,0.7922000288963318
0,helmet,47,0.0
0,helmet,65,0.0
0,helmet,72,0.0
0,helmet,70,0.0
0,helmet,81,0.0
1,no_helmet,1,0.0
1,no_helmet,2,0.0
1,no_helmet,3,0.0
1,no_helmet,35,0.0
1,no_helmet,47,0.49549999833106995
1,no_helmet,65,0.0
1,no_helmet,72,0.0
1,no_helmet,70,0.0
1,no_helmet,81,0.0
2,no_helmet,1,0.0
2,no_helmet,2,0.0
2,no_helmet,3,0.0
2,no_helmet,35,0.0
2,no_helmet,47,0.0
2,no_helmet,65,0.0
2,no_helmet,72,0.5157999992370605
2,no_helmet,70,0.0
2,no_helmet,81,0.0
3,no_helmet,1,0.5238999724388123
3,no_helmet,2,0.0
3,no_helmet,3,0.0
3,no_helmet,35,0.0
3,no_helmet,47,0.0
3,no_helmet,65,0.0
3,no_helmet,72,0.0
3,no_helmet,70,0.0
3,no_helmet,81,0.0
4,no_helmet,1,0.0
4,no_helmet,2,0.5539000034332275
4,no_helmet,3,0.0
4,no_helmet,35,0.0
4,no_helmet,47,0.0
4,no_helmet,65,0.0
4,no_helmet,72,0.0
4,no_helmet,70,0.0
4,no_helmet,81,0.0
0,helmet,1,0.0
0,helmet,2,0.0
0,helmet,3,0.0
0,helmet,35,0.7983999848365784
0,helmet,47,0.0
0,helmet,65,0.0
0,helmet,72,0.0
0,helmet,70,0.0
1,helmet,1,0.0
1,helmet,2,0.8104000091552734
1,helmet,3,0.0
1,helmet,35,0.0
1,helmet,47,0.0
1,helmet,65,0.0
1,helmet,72,0.0
1,helmet,70,0.0
2,no_helmet,1,0.0
2,no_helmet,2,0.0
2,no_helmet,3,0.0
2,no_helmet,35,0.0
2,no_helmet,47,0.0
2,no_helmet,65,0.0
2,no_helmet,72,0.507099986076355
2,no_helmet,70,0.0
3,no_helmet,1,0.0
3,no_helmet,2,0.0
3,no_helmet,3,0.0
3,no_helmet,35,0.0
3,no_helmet,47,0.47440001368522644
3,no_helmet,65,0.0
3,no_helmet,72,0.0
3,no_helmet,70,0.0
4,no_helmet,1,0.5317000150680542
4,no_helmet,2,0.0
4,no_helmet,3,0.0
4,no_helmet,35,0.0
4,no_helmet,47,0.0
4,no_helmet,65,0.0
4,no_helmet,72,0.0
4,no_helmet,70,0.0
0,helmet,1,0.0
0,helmet,2,0.0
0,helmet,3,0.0
0,helmet,35,0.8052999973297119
0,helmet,47,0.0
0,helmet,65,0.0
0,helmet,72,0.0
0,helmet,70,0.0
1,helmet,1,0.0
1,helmet,2,0.8032000064849854
1,helmet,3,0.0
1,helmet,35,0.0
1,helmet,47,0.0
1,helmet,65,0.0
1,helmet,72,0.0
1,helmet,70,0.0
2,no_helmet,1,0.0
2,no_helmet,2,0.0
2,no_helmet,3,0.0
2,no_helmet,35,0.0
2,no_helmet,47,0.4855000078678131
2,no_helmet,65,0.0
2,no_helmet,72,0.0
2,no_helmet,70,0.0
3,no_helmet,1,0.0
3,no_helmet,2,0.0
3,no_helmet,3,0.0
3,no_helmet,35,0.0
3,no_helmet,47,0.0
3,no_helmet,65,0.0
3,no_helmet,72,0.5170999765396118
3,no_helmet,70,0.0
4,no_helmet,1,0.5324000120162964
4,no_helmet,2,0.0
4,no_helmet,3,0.0
4,no_helmet,35,0.0
4,no_helmet,47,0.0
4,no_helmet,65,0.0
4,no_helmet,72,0.0
4,no_helmet,70,0.0
0,helmet,1,0.0
0,helmet,2,0.0
0,helmet,3,0.0
0,helmet,35,0.7968999743461609
0,helmet,47,0.0
0,helmet,65,0.0
0,helmet,72,0.0
0,helmet,70,0.0
1,helmet,1,0.0
1,helmet,2,0.7864999771118164
1,helmet,3,0.0
1,helmet,35,0.0
1,helmet,47,0.0
1,helmet,65,0.0
1,helmet,72,0.0
1,helmet,70,0.0
2,no_helmet,1,0.0
2,no_helmet,2,0.0
2,no_helmet,3,0.0
2,no_helmet,35,0.0
2,no_helmet,47,0.4864000082015991
2,no_helmet,65,0.0
2,no_helmet,72,0.0
2,no_helmet,70,0.0
3,helmet,1,0.0
3,helmet,2,0.0
3,helmet,3,0.0
3,helmet,35,0.0
3,helmet,47,0.0
3,helmet,65,0.7993999719619751
3,helmet,72,0.0
3,helmet,70,0.0
4,no_helmet,1,0.0
4,no_helmet,2,0.0
4,no_helmet,3,0.0
4,no_helmet,35,0.0
4,no_helmet,47,0.0
4,no_helmet,65,0.0
4,no_helmet,72,0.5194000005722046
4,no_helmet,70,0.0
5,no_helmet,1,0.5231999754905701
5,no_helmet,2,0.0
5,no_helmet,3,0.0
5,no_helmet,35,0.0
5,no_helmet,47,0.0
5,no_helmet,65,0.0
5,no_helmet,72,0.0
5,no_helmet,70,0.0
0,helmet,1,0.0
0,helmet,2,0.0
0,helmet,3,0.0
0,helmet,35,0.7825000286102295
0,helmet,47,0.0
0,helmet,65,0.0
0,helmet,72,0.0
0,helmet,70,0.0
1,helmet,1,0.0
1,helmet,2,0.7946000099182129
1,helmet,3,0.0
1,helmet,35,0.0
1,helmet,47,0.0
1,helmet,65,0.0
1,helmet,72,0.0
1,helmet,70,0.0
2,no_helmet,1,0.0
2,no_helmet,2,0.0
2,no_helmet,3,0.0
2,no_helmet,35,0.0
2,no_helmet,47,0.0
2,no_helmet,65,0.0
2,no_helmet,72,0.521399974822998
2,no_helmet,70,0.0
3,no_helmet,1,0.0
3,no_helmet,2,0.0
3,no_helmet,3,0.0
3,no_helmet,35,0.0
3,no_helmet,47,0.48820000886917114
3,no_helmet,65,0.0
3,no_helmet,72,0.0
3,no_helmet,70,0.0
4,no_helmet,1,0.5274999737739563
4,no_helmet,2,0.0
4,no_helmet,3,0.0
4,no_helmet,35,0.0
4,no_helmet,47,0.0
4,no_helmet,65,0.0
4,no_helmet,72,0.0
4,no_helmet,70,0.0
0,helmet,1,0.0
0,helmet,2,0.0
0,helmet,3,0.0
0,helmet,35,0.777999997138977
0,helmet,47,0.0
0,helmet,65,0.0
0,helmet,72,0.0
0,helmet,70,0.0
1,helmet,1,0.0
1,helmet,2,0.7975000143051147
1,helmet,3,0.0
1,helmet,35,0.0
1,helmet,47,0.0
1,helmet,65,0.0
1,helmet,72,0.0
1,helmet,70,0.0
2,no_helmet,1,0.0
2,no_helmet,2,0.0
2,no_helmet,3,0.0
2,no_helmet,35,0.0
2,no_helmet,47,0.0
2,no_helmet,65,0.0
2,no_helmet,72,0.5206999778747559
2,no_helmet,70,0.0
3,no_helmet,1,0.0
3,no_helmet,2,0.0
3,no_helmet,3,0.0
3,no_helmet,35,0.0
3,no_helmet,47,0.49720001220703125
3,no_helmet,65,0.0
3,no_helmet,72,0.0
3,no_helmet,70,0.0
4,no_helmet,1,0.5325000286102295
4,no_helmet,2,0.0
4,no_helmet,3,0.0
4,no_helmet,35,0.0
4,no_helmet,47,0.0
4,no_helmet,65,0.0
4,no_helmet,72,0.0
4,no_helmet,70,0.0
5,no_helmet,1,0.0
5,no_helmet,2,0.0
5,no_helmet,3,0.5480999946594238
5,no_helmet,35,0.0
5,no_helmet,47,0.0
5,no_helmet,65,0.0
5,no_helmet,72,0.0
5,no_helmet,70,0.0
0,helmet,1,0.0
0,helmet,2,0.7965999841690063
0,helmet,3,0.0
0,helmet,35,0.0
0,helmet,47,0.0
0,helmet,65,0.0
0,helmet,72,0.0
0,helmet,70,0.0
1,helmet,1,0.0
1,helmet,2,0.0
1,helmet,3,0.0
1,helmet,35,0.7700999975204468
1,helmet,47,0.0
1,helmet,65,0.0
1,helmet,72,0.0
1,helmet,70,0.0
2,no_helmet,1,0.0
2,no_helmet,2,0.0
2,no_helmet,3,0.0
2,no_helmet,35,0.0
2,no_helmet,47,0.0
2,no_helmet,65,0.0
2,no_helmet,72,0.5202000141143799
2,no_helmet,70,0.0
3,no_helmet,1,0.0
3,no_helmet,2,0.0
3,no_helmet,3,0.0
3,no_helmet,35,0.0
3,no_helmet,47,0.5052000284194946
3,no_helmet,65,0.0
3,no_helmet,72,0.0
3,no_helmet,70,0.0
4,no_helmet,1,0.5378999710083008
4,no_helmet,2,0.0
4,no_helmet,3,0.0
4,no_helmet,35,0.0
4,no_helmet,47,0.0
4,no_helmet,65,0.0
4,no_helmet,72,0.0
4,no_helmet,70,0.0
5,no_helmet,1,0.0
5,no_helmet,2,0.0
5,no_helmet,3,0.5519999861717224
5,no_helmet,35,0.0
5,no_helmet,47,0.0
5,no_helmet,65,0.0
5,no_helmet,72,0.0
5,no_helmet,70,0.0
0,helmet,1,0.0
0,helmet,2,0.7947999835014343
0,helmet,3,0.0
0,helmet,35,0.0
0,helmet,47,0.0
0,helmet,65,0.0
0,helmet,72,0.0
0,helmet,70,0.0
1,helmet,1,0.0
1,helmet,2,0.0
1,helmet,3,0.0
1,helmet,35,0.7738999724388123
1,helmet,47,0.0
1,helmet,65,0.0
1,helmet,72,0.0
1,helmet,70,0.0
2,no_helmet,1,0.0
2,no_helmet,2,0.0
2,no_helmet,3,0.0
2,no_helmet,35,0.0
2,no_helmet,47,0.519599974155426
2,no_helmet,65,0.0
2,no_helmet,72,0.0
2,no_helmet,70,0.0
3,no_helmet,1,0.0
3,no_helmet,2,0.0
3,no_helmet,3,0.0
3,no_helmet,35,0.0
3,no_helmet,47,0.0
3,no_helmet,65,0.0
3,no_helmet,72,0.5184000134468079
3,no_helmet,70,0.0
4,no_helmet,1,0.0
4,no_helmet,2,0.0
4,no_helmet,3,0.5508999824523926
4,no_helmet,35,0.0
4,no_helmet,47,0.0
4,no_helmet,65,0.0
4,no_helmet,72,0.0
4,no_helmet,70,0.0
0,helmet,1,0.0
0,helmet,2,0.0
0,helmet,3,0.0
0,helmet,35,0.7766000032424927
0,helmet,47,0.0
0,helmet,65,0.0
0,helmet,72,0.0
0,helmet,70,0.0
0,helmet,88,0.0
1,helmet,1,0.0
1,helmet,2,0.7972999811172485
1,helmet,3,0.0
1,helmet,35,0.0
1,helmet,47,0.0
1,helmet,65,0.0
1,helmet,72,0.0
1,helmet,70,0.0
1,helmet,88,0.0
2,helmet,1,0.791100025177002
2,helmet,2,0.0
2,helmet,3,0.0
2,helmet,35,0.0
2,helmet,47,0.0
2,helmet,65,0.0
2,helmet,72,0.0
2,helmet,70,0.0
2,helmet,88,0.0
3,no_helmet,1,0.0
3,no_helmet,2,0.0
3,no_helmet,3,0.0
3,no_helmet,35,0.0
3,no_helmet,47,0.5162000060081482
3,no_helmet,65,0.0
3,no_helmet,72,0.0
3,no_helmet,70,0.0
3,no_helmet,88,0.0
4,no_helmet,1,0.0
4,no_helmet,2,0.0
4,no_helmet,3,0.0
4,no_helmet,35,0.0
4,no_helmet,47,0.0
4,no_helmet,65,0.0
4,no_helmet,72,0.5131000280380249
4,no_helmet,70,0.0
4,no_helmet,88,0.0
5,no_helmet,1,0.0
5,no_helmet,2,0.0
5,no_helmet,3,0.5511999726295471
5,no_helmet,35,0.0
5,no_helmet,47,0.0
5,no_helmet,65,0.0
5,no_helmet,72,0.0
5,no_helmet,70,0.0
5,no_helmet,88,0.0
0,helmet,1,0.0
0,helmet,2,0.0
0,helmet,3,0.0
0,helmet,35,0.7712000012397766
0,helmet,47,0.0
0,helmet,72,0.0
0,helmet,70,0.0
0,helmet,88,0.0
1,helmet,1,0.0
1,helmet,2,0.7942000031471252
1,helmet,3,0.0
1,helmet,35,0.0
1,helmet,47,0.0
1,helmet,72,0.0
1,helmet,70,0.0
1,helmet,88,0.0
2,no_helmet,1,0.0
2,no_helmet,2,0.0
2,no_helmet,3,0.0
2,no_helmet,35,0.0
2,no_helmet,47,0.5002999901771545
2,no_helmet,72,0.0
2,no_helmet,70,0.0
2,no_helmet,88,0.0
3,no_helmet,1,0.0
3,no_helmet,2,0.0
3,no_helmet,3,0.0
3,no_helmet,35,0.0
3,no_helmet,47,0.0
3,no_helmet,72,0.5077000260353088
3,no_helmet,70,0.0
3,no_helmet,88,0.0
0,helmet,1,0.0
0,helmet,2,0.798799991607666
0,helmet,3,0.0
0,helmet,35,0.0
0,helmet,47,0.0
0,helmet,72,0.0
0,helmet,70,0.0
0,helmet,88,0.0
0,helmet,81,0.0
1,helmet,1,0.0
1,helmet,2,0.0
1,helmet,3,0.0
1,helmet,35,0.7692000269889832
1,helmet,47,0.0
1,helmet,72,0.0
1,helmet,70,0.0
1,helmet,88,0.0
1,helmet,81,0.0
2,no_helmet,1,0.0
2,no_helmet,2,0.0
2,no_helmet,3,0.0
2,no_helmet,35,0.0
2,no_helmet,47,0.5008999705314636
2,no_helmet,72,0.0
2,no_helmet,70,0.0
2,no_helmet,88,0.0
2,no_helmet,81,0.0
3,no_helmet,1,0.0
3,no_helmet,2,0.0
3,no_helmet,3,0.0
3,no_helmet,35,0.0
3,no_helmet,47,0.0
3,no_helmet,72,0.5026999711990356
3,no_helmet,70,0.0
3,no_helmet,88,0.0
3,no_helmet,81,0.0
0,helmet,1,0.0
0,helmet,2,0.8011999726295471
0,helmet,3,0.0
0,helmet,35,0.0
0,helmet,47,0.0
0,helmet,72,0.0
0,helmet,70,0.0
0,helmet,88,0.0
1,helmet,1,0.0
1,helmet,2,0.0
1,helmet,3,0.0
1,helmet,35,0.7723000049591064
1,helmet,47,0.0
1,helmet,72,0.0
1,helmet,70,0.0
1,helmet,88,0.0
2,no_helmet,1,0.0
2,no_helmet,2,0.0
2,no_helmet,3,0.0
2,no_helmet,35,0.0
2,no_helmet,47,0.5184000134468079
2,no_helmet,72,0.0
2,no_helmet,70,0.0
2,no_helmet,88,0.0
3,no_helmet,1,0.0
3,no_helmet,2,0.0
3,no_helmet,3,0.0
3,no_helmet,35,0.0
3,no_helmet,47,0.0
3,no_helmet,72,0.4966999888420105
3,no_helmet,70,0.0
3,no_helmet,88,0.0
0,helmet,1,0.0
0,helmet,2,0.8041999936103821
0,helmet,3,0.0
0,helmet,35,0.0
0,helmet,47,0.0
0,helmet,72,0.0
0,helmet,70,0.0
0,helmet,88,0.0
0,helmet,90,0.0
1,helmet,1,0.0
1,helmet,2,0.0
1,helmet,3,0.0
1,helmet,35,0.7835000157356262
1,helmet,47,0.0
1,helmet,72,0.0
1,helmet,70,0.0
1,helmet,88,0.0
1,helmet,90,0.0
2,no_helmet,1,0.0
2,no_helmet,2,0.0
2,no_helmet,3,0.0
2,no_helmet,35,0.0
2,no_helmet,47,0.515500009059906
2,no_helmet,72,0.0
2,no_helmet,70,0.0
2,no_helmet,88,0.0
2,no_helmet,90,0.0
3,no_helmet,1,0.0
3,no_helmet,2,0.0
3,no_helmet,3,0.0
3,no_helmet,35,0.0
3,no_helmet,47,0.0
3,no_helmet,72,0.5101000070571899
3,no_helmet,70,0.0
3,no_helmet,88,0.0
3,no_helmet,90,0.0
0,helmet,1,0.0
0,helmet,2,0.8012999892234802
0,helmet,3,0.0
0,helmet,35,0.0
0,helmet,47,0.0
0,helmet,72,0.0
0,helmet,70,0.0
0,helmet,88,0.0
0,helmet,90,0.0
1,helmet,1,0.0
1,helmet,2,0.0
1,helmet,3,0.0
1,helmet,35,0.7911999821662903
1,helmet,47,0.0
1,helmet,72,0.0
1,helmet,70,0.0
1,helmet,88,0.0
1,helmet,90,0.0
2,no_helmet,1,0.0
2,no_helmet,2,0.0
2,no_helmet,3,0.0
2,no_helmet,35,0.0
2,no_helmet,47,0.5062999725341797
2,no_helmet,72,0.0
2,no_helmet,70,0.0
2,no_helmet,88,0.0
2,no_helmet,90,0.0
3,no_helmet,1,0.0
3,no_helmet,2,0.0
3,no_helmet,3,0.0
3,no_helmet,35,0.0
3,no_helmet,47,0.0
3,no_helmet,72,0.5110999941825867
3,no_helmet,70,0.0
3,no_helmet,88,0.0
3,no_helmet,90,0.0
0,helmet,1,0.0
0,helmet,2,0.8001000285148621
0,helmet,3,0.0
0,helmet,35,0.0
0,helmet,47,0.0
0,helmet,72,0.0
0,helmet,70,0.0
0,helmet,88,0.0
0,helmet,90,0.0
1,helmet,1,0.0
1,helmet,2,0.0
1,helmet,3,0.0
1,helmet,35,0.791700005531311
1,helmet,47,0.0
1,helmet,72,0.0
1,helmet,70,0.0
1,helmet,88,0.0
1,helmet,90,0.0
2,no_helmet,1,0.0
2,no_helmet,2,0.0
2,no_helmet,3,0.0
2,no_helmet,35,0.0
2,no_helmet,47,0.49459999799728394
2,no_helmet,72,0.0
2,no_helmet,70,0.0
2,no_helmet,88,0.0
2,no_helmet,90,0.0
3,no_helmet,1,0.0
3,no_helmet,2,0.0
3,no_helmet,3,0.0
3,no_helmet,35,0.0
3,no_helmet,47,0.0
3,no_helmet,72,0.5080999732017517
3,no_helmet,70,0.0
3,no_helmet,88,0.0
3,no_helmet,90,0.0
4,no_helmet,1,0.0
4,no_helmet,2,0.0
4,no_helmet,3,0.5593000054359436
4,no_helmet,35,0.0
4,no_helmet,47,0.0
4,no_helmet,72,0.0
4,no_helmet,70,0.0
4,no_helmet,88,0.0
4,no_helmet,90,0.0
